solid OpenSCAD_Model
  facet normal 0.999391 0.0349072 0
    outer loop
      vertex 7.4 0 6
      vertex 7.38197 0.516197 -6
      vertex 7.38197 0.516197 6
    endloop
  endfacet
  facet normal 0.999391 0.0349072 0
    outer loop
      vertex 7.38197 0.516197 -6
      vertex 7.4 0 6
      vertex 7.4 0 -6
    endloop
  endfacet
  facet normal -0.999391 0.0349072 0
    outer loop
      vertex -7.4 0 -6
      vertex -7.38197 0.516197 6
      vertex -7.38197 0.516197 -6
    endloop
  endfacet
  facet normal -0.999391 0.0349072 0
    outer loop
      vertex -7.38197 0.516197 6
      vertex -7.4 0 -6
      vertex -7.4 0 6
    endloop
  endfacet
  facet normal 0 1 -0
    outer loop
      vertex 0.258256 7.39549 -6
      vertex -0.258256 7.39549 6
      vertex 0.258256 7.39549 6
    endloop
  endfacet
  facet normal 0 1 0
    outer loop
      vertex -0.258256 7.39549 6
      vertex 0.258256 7.39549 -6
      vertex -0.258256 7.39549 -6
    endloop
  endfacet
  facet normal 0.694666 0.719332 -0
    outer loop
      vertex 5.32311 5.14047 -6
      vertex 4.95157 5.49927 6
      vertex 5.32311 5.14047 6
    endloop
  endfacet
  facet normal 0.694666 0.719332 0
    outer loop
      vertex 4.95157 5.49927 6
      vertex 5.32311 5.14047 -6
      vertex 4.95157 5.49927 -6
    endloop
  endfacet
  facet normal -0.694666 0.719332 0
    outer loop
      vertex -4.95157 5.49927 -6
      vertex -5.32311 5.14047 6
      vertex -4.95157 5.49927 6
    endloop
  endfacet
  facet normal -0.694666 0.719332 0
    outer loop
      vertex -5.32311 5.14047 6
      vertex -4.95157 5.49927 -6
      vertex -5.32311 5.14047 -6
    endloop
  endfacet
  facet normal -0.342026 0.939691 0
    outer loop
      vertex -2.28673 7.03782 -6
      vertex -2.77209 6.86116 6
      vertex -2.28673 7.03782 6
    endloop
  endfacet
  facet normal -0.342026 0.939691 0
    outer loop
      vertex -2.77209 6.86116 6
      vertex -2.28673 7.03782 -6
      vertex -2.77209 6.86116 -6
    endloop
  endfacet
  facet normal 0.927189 0.374593 0
    outer loop
      vertex 6.95372 2.53095 6
      vertex 6.76024 3.00985 -6
      vertex 6.76024 3.00985 6
    endloop
  endfacet
  facet normal 0.927189 0.374593 0
    outer loop
      vertex 6.76024 3.00985 -6
      vertex 6.95372 2.53095 6
      vertex 6.95372 2.53095 -6
    endloop
  endfacet
  facet normal 0.406728 0.913549 -0
    outer loop
      vertex 3.24395 6.65108 -6
      vertex 2.77209 6.86116 6
      vertex 3.24395 6.65108 6
    endloop
  endfacet
  facet normal 0.406728 0.913549 0
    outer loop
      vertex 2.77209 6.86116 6
      vertex 3.24395 6.65108 -6
      vertex 2.77209 6.86116 -6
    endloop
  endfacet
  facet normal 0.587794 0.809011 -0
    outer loop
      vertex 4.55589 5.83128 -6
      vertex 4.13803 6.13488 6
      vertex 4.55589 5.83128 6
    endloop
  endfacet
  facet normal 0.587794 0.809011 0
    outer loop
      vertex 4.13803 6.13488 6
      vertex 4.55589 5.83128 -6
      vertex 4.13803 6.13488 -6
    endloop
  endfacet
  facet normal -0.866029 0.499993 0
    outer loop
      vertex -6.53381 3.47409 -6
      vertex -6.27556 3.9214 6
      vertex -6.27556 3.9214 -6
    endloop
  endfacet
  facet normal -0.866029 0.499993 0
    outer loop
      vertex -6.27556 3.9214 6
      vertex -6.53381 3.47409 -6
      vertex -6.53381 3.47409 6
    endloop
  endfacet
  facet normal -0.642782 0.766049 0
    outer loop
      vertex -4.55589 5.83128 -6
      vertex -4.95157 5.49927 6
      vertex -4.55589 5.83128 6
    endloop
  endfacet
  facet normal -0.642782 0.766049 0
    outer loop
      vertex -4.95157 5.49927 6
      vertex -4.55589 5.83128 -6
      vertex -4.95157 5.49927 -6
    endloop
  endfacet
  facet normal -0.139163 0.990269 0
    outer loop
      vertex -0.77351 7.35946 -6
      vertex -1.285 7.28758 6
      vertex -0.77351 7.35946 6
    endloop
  endfacet
  facet normal -0.139163 0.990269 0
    outer loop
      vertex -1.285 7.28758 6
      vertex -0.77351 7.35946 -6
      vertex -1.285 7.28758 -6
    endloop
  endfacet
  facet normal 0.984808 0.173644 0
    outer loop
      vertex 7.32798 1.02988 6
      vertex 7.23829 1.53855 -6
      vertex 7.23829 1.53855 6
    endloop
  endfacet
  facet normal 0.984808 0.173644 0
    outer loop
      vertex 7.23829 1.53855 -6
      vertex 7.32798 1.02988 6
      vertex 7.32798 1.02988 -6
    endloop
  endfacet
  facet normal 0.994522 0.104528 0
    outer loop
      vertex 7.38197 0.516197 6
      vertex 7.32798 1.02988 -6
      vertex 7.32798 1.02988 6
    endloop
  endfacet
  facet normal 0.994522 0.104528 0
    outer loop
      vertex 7.32798 1.02988 -6
      vertex 7.38197 0.516197 6
      vertex 7.38197 0.516197 -6
    endloop
  endfacet
  facet normal 0.82903 0.559204 0
    outer loop
      vertex 6.27556 3.9214 6
      vertex 5.98672 4.34961 -6
      vertex 5.98672 4.34961 6
    endloop
  endfacet
  facet normal 0.82903 0.559204 0
    outer loop
      vertex 5.98672 4.34961 -6
      vertex 6.27556 3.9214 6
      vertex 6.27556 3.9214 -6
    endloop
  endfacet
  facet normal 0.788019 0.615651 0
    outer loop
      vertex 5.98672 4.34961 6
      vertex 5.66873 4.75663 -6
      vertex 5.66873 4.75663 6
    endloop
  endfacet
  facet normal 0.788019 0.615651 0
    outer loop
      vertex 5.66873 4.75663 -6
      vertex 5.98672 4.34961 6
      vertex 5.98672 4.34961 -6
    endloop
  endfacet
  facet normal 0.207916 0.978147 -0
    outer loop
      vertex 1.79022 7.18019 -6
      vertex 1.285 7.28758 6
      vertex 1.79022 7.18019 6
    endloop
  endfacet
  facet normal 0.207916 0.978147 0
    outer loop
      vertex 1.285 7.28758 6
      vertex 1.79022 7.18019 -6
      vertex 1.285 7.28758 -6
    endloop
  endfacet
  facet normal 0.139163 0.990269 -0
    outer loop
      vertex 1.285 7.28758 -6
      vertex 0.77351 7.35946 6
      vertex 1.285 7.28758 6
    endloop
  endfacet
  facet normal 0.139163 0.990269 0
    outer loop
      vertex 0.77351 7.35946 6
      vertex 1.285 7.28758 -6
      vertex 0.77351 7.35946 -6
    endloop
  endfacet
  facet normal 0.642782 0.766049 -0
    outer loop
      vertex 4.95157 5.49927 -6
      vertex 4.55589 5.83128 6
      vertex 4.95157 5.49927 6
    endloop
  endfacet
  facet normal 0.642782 0.766049 0
    outer loop
      vertex 4.55589 5.83128 6
      vertex 4.95157 5.49927 -6
      vertex 4.55589 5.83128 -6
    endloop
  endfacet
  facet normal -0.970298 0.241911 0
    outer loop
      vertex -7.23829 1.53855 -6
      vertex -7.11334 2.03972 6
      vertex -7.11334 2.03972 -6
    endloop
  endfacet
  facet normal -0.970298 0.241911 0
    outer loop
      vertex -7.11334 2.03972 6
      vertex -7.23829 1.53855 -6
      vertex -7.23829 1.53855 6
    endloop
  endfacet
  facet normal -0.927189 0.374593 0
    outer loop
      vertex -6.95372 2.53095 -6
      vertex -6.76024 3.00985 6
      vertex -6.76024 3.00985 -6
    endloop
  endfacet
  facet normal -0.927189 0.374593 0
    outer loop
      vertex -6.76024 3.00985 6
      vertex -6.95372 2.53095 -6
      vertex -6.95372 2.53095 6
    endloop
  endfacet
  facet normal -0.951051 0.309034 0
    outer loop
      vertex -7.11334 2.03972 -6
      vertex -6.95372 2.53095 6
      vertex -6.95372 2.53095 -6
    endloop
  endfacet
  facet normal -0.951051 0.309034 0
    outer loop
      vertex -6.95372 2.53095 6
      vertex -7.11334 2.03972 -6
      vertex -7.11334 2.03972 6
    endloop
  endfacet
  facet normal -0.984808 0.173644 0
    outer loop
      vertex -7.32798 1.02988 -6
      vertex -7.23829 1.53855 6
      vertex -7.23829 1.53855 -6
    endloop
  endfacet
  facet normal -0.984808 0.173644 0
    outer loop
      vertex -7.23829 1.53855 6
      vertex -7.32798 1.02988 -6
      vertex -7.32798 1.02988 6
    endloop
  endfacet
  facet normal -0.529917 0.848049 0
    outer loop
      vertex -3.7 6.40859 -6
      vertex -4.13803 6.13488 6
      vertex -3.7 6.40859 6
    endloop
  endfacet
  facet normal -0.529917 0.848049 0
    outer loop
      vertex -4.13803 6.13488 6
      vertex -3.7 6.40859 -6
      vertex -4.13803 6.13488 -6
    endloop
  endfacet
  facet normal -0.0697563 0.997564 0
    outer loop
      vertex -0.258256 7.39549 -6
      vertex -0.77351 7.35946 6
      vertex -0.258256 7.39549 6
    endloop
  endfacet
  facet normal -0.0697563 0.997564 0
    outer loop
      vertex -0.77351 7.35946 6
      vertex -0.258256 7.39549 -6
      vertex -0.77351 7.35946 -6
    endloop
  endfacet
  facet normal 0.406728 -0.913549 0
    outer loop
      vertex 2.77209 -6.86116 -6
      vertex 3.24395 -6.65108 6
      vertex 2.77209 -6.86116 6
    endloop
  endfacet
  facet normal 0.406728 -0.913549 0
    outer loop
      vertex 3.24395 -6.65108 6
      vertex 2.77209 -6.86116 -6
      vertex 3.24395 -6.65108 -6
    endloop
  endfacet
  facet normal 0.970298 0.241911 0
    outer loop
      vertex 7.23829 1.53855 6
      vertex 7.11334 2.03972 -6
      vertex 7.11334 2.03972 6
    endloop
  endfacet
  facet normal 0.970298 0.241911 0
    outer loop
      vertex 7.11334 2.03972 -6
      vertex 7.23829 1.53855 6
      vertex 7.23829 1.53855 -6
    endloop
  endfacet
  facet normal 0.951051 0.309034 0
    outer loop
      vertex 7.11334 2.03972 6
      vertex 6.95372 2.53095 -6
      vertex 6.95372 2.53095 6
    endloop
  endfacet
  facet normal 0.951051 0.309034 0
    outer loop
      vertex 6.95372 2.53095 -6
      vertex 7.11334 2.03972 6
      vertex 7.11334 2.03972 -6
    endloop
  endfacet
  facet normal 0.743136 0.66914 0
    outer loop
      vertex 5.66873 4.75663 6
      vertex 5.32311 5.14047 -6
      vertex 5.32311 5.14047 6
    endloop
  endfacet
  facet normal 0.743136 0.66914 0
    outer loop
      vertex 5.32311 5.14047 -6
      vertex 5.66873 4.75663 6
      vertex 5.66873 4.75663 -6
    endloop
  endfacet
  facet normal 0.866029 0.499993 0
    outer loop
      vertex 6.53381 3.47409 6
      vertex 6.27556 3.9214 -6
      vertex 6.27556 3.9214 6
    endloop
  endfacet
  facet normal 0.866029 0.499993 0
    outer loop
      vertex 6.27556 3.9214 -6
      vertex 6.53381 3.47409 6
      vertex 6.53381 3.47409 -6
    endloop
  endfacet
  facet normal 0.89879 0.438379 0
    outer loop
      vertex 6.76024 3.00985 6
      vertex 6.53381 3.47409 -6
      vertex 6.53381 3.47409 6
    endloop
  endfacet
  facet normal 0.89879 0.438379 0
    outer loop
      vertex 6.53381 3.47409 -6
      vertex 6.76024 3.00985 6
      vertex 6.76024 3.00985 -6
    endloop
  endfacet
  facet normal 0.342026 0.939691 -0
    outer loop
      vertex 2.77209 6.86116 -6
      vertex 2.28673 7.03782 6
      vertex 2.77209 6.86116 6
    endloop
  endfacet
  facet normal 0.342026 0.939691 0
    outer loop
      vertex 2.28673 7.03782 6
      vertex 2.77209 6.86116 -6
      vertex 2.28673 7.03782 -6
    endloop
  endfacet
  facet normal 0.275634 0.961263 -0
    outer loop
      vertex 2.28673 7.03782 -6
      vertex 1.79022 7.18019 6
      vertex 2.28673 7.03782 6
    endloop
  endfacet
  facet normal 0.275634 0.961263 0
    outer loop
      vertex 1.79022 7.18019 6
      vertex 2.28673 7.03782 -6
      vertex 1.79022 7.18019 -6
    endloop
  endfacet
  facet normal 0.0697563 0.997564 -0
    outer loop
      vertex 0.77351 7.35946 -6
      vertex 0.258256 7.39549 6
      vertex 0.77351 7.35946 6
    endloop
  endfacet
  facet normal 0.0697563 0.997564 0
    outer loop
      vertex 0.258256 7.39549 6
      vertex 0.77351 7.35946 -6
      vertex 0.258256 7.39549 -6
    endloop
  endfacet
  facet normal 0.469477 0.882944 -0
    outer loop
      vertex 3.7 6.40859 -6
      vertex 3.24395 6.65108 6
      vertex 3.7 6.40859 6
    endloop
  endfacet
  facet normal 0.469477 0.882944 0
    outer loop
      vertex 3.24395 6.65108 6
      vertex 3.7 6.40859 -6
      vertex 3.24395 6.65108 -6
    endloop
  endfacet
  facet normal 0.529917 0.848049 -0
    outer loop
      vertex 4.13803 6.13488 -6
      vertex 3.7 6.40859 6
      vertex 4.13803 6.13488 6
    endloop
  endfacet
  facet normal 0.529917 0.848049 0
    outer loop
      vertex 3.7 6.40859 6
      vertex 4.13803 6.13488 -6
      vertex 3.7 6.40859 -6
    endloop
  endfacet
  facet normal -0.89879 0.438379 0
    outer loop
      vertex -6.76024 3.00985 -6
      vertex -6.53381 3.47409 6
      vertex -6.53381 3.47409 -6
    endloop
  endfacet
  facet normal -0.89879 0.438379 0
    outer loop
      vertex -6.53381 3.47409 6
      vertex -6.76024 3.00985 -6
      vertex -6.76024 3.00985 6
    endloop
  endfacet
  facet normal -0.994522 0.104528 0
    outer loop
      vertex -7.38197 0.516197 -6
      vertex -7.32798 1.02988 6
      vertex -7.32798 1.02988 -6
    endloop
  endfacet
  facet normal -0.994522 0.104528 0
    outer loop
      vertex -7.32798 1.02988 6
      vertex -7.38197 0.516197 -6
      vertex -7.38197 0.516197 6
    endloop
  endfacet
  facet normal 0 0 1
    outer loop
      vertex 5 0 6
      vertex 7.4 0 6
      vertex 7.38197 0.516197 6
    endloop
  endfacet
  facet normal -0 0 1
    outer loop
      vertex 7.4 -12.7685 6
      vertex 9.83013 -15.95 6
      vertex 7.53583 -12.6734 6
    endloop
  endfacet
  facet normal 0 0 1
    outer loop
      vertex 9.83013 -15.95 6
      vertex 7.4 -12.7685 6
      vertex 6.93528 -16 6
    endloop
  endfacet
  facet normal 0 0 1
    outer loop
      vertex 4.98782 0.348782 6
      vertex 7.38197 0.516197 6
      vertex 7.32798 1.02988 6
    endloop
  endfacet
  facet normal 0 0 1
    outer loop
      vertex 4.95134 0.695865 6
      vertex 7.32798 1.02988 6
      vertex 7.23829 1.53855 6
    endloop
  endfacet
  facet normal 0 0 1
    outer loop
      vertex 4.89074 1.03956 6
      vertex 7.23829 1.53855 6
      vertex 7.11334 2.03972 6
    endloop
  endfacet
  facet normal 0 0 1
    outer loop
      vertex 4.80631 1.37819 6
      vertex 7.11334 2.03972 6
      vertex 6.95372 2.53095 6
    endloop
  endfacet
  facet normal 0 0 1
    outer loop
      vertex 9.83013 -15.95 6
      vertex 6.93528 -16 6
      vertex 7.86417 -17.3266 6
    endloop
  endfacet
  facet normal 0 0 1
    outer loop
      vertex 7.4 0 6
      vertex 5 -5.4525 6
      vertex 7.4 -12.7685 6
    endloop
  endfacet
  facet normal 0 0 1
    outer loop
      vertex 4.69846 1.7101 6
      vertex 6.95372 2.53095 6
      vertex 6.76024 3.00985 6
    endloop
  endfacet
  facet normal 0 0 1
    outer loop
      vertex 4.56773 2.03368 6
      vertex 6.76024 3.00985 6
      vertex 6.53381 3.47409 6
    endloop
  endfacet
  facet normal 0 0 1
    outer loop
      vertex 4.41474 2.34736 6
      vertex 6.53381 3.47409 6
      vertex 6.27556 3.9214 6
    endloop
  endfacet
  facet normal 0 0 1
    outer loop
      vertex 4.24024 2.6496 6
      vertex 6.27556 3.9214 6
      vertex 5.98672 4.34961 6
    endloop
  endfacet
  facet normal 0 0 1
    outer loop
      vertex 4.04508 2.93893 6
      vertex 5.98672 4.34961 6
      vertex 5.66873 4.75663 6
    endloop
  endfacet
  facet normal 0 0 1
    outer loop
      vertex 3.83022 3.21394 6
      vertex 5.66873 4.75663 6
      vertex 5.32311 5.14047 6
    endloop
  endfacet
  facet normal 0 0 1
    outer loop
      vertex 7.4 0 6
      vertex 5 0 6
      vertex 4.98782 -0.348782 6
    endloop
  endfacet
  facet normal 0 0 1
    outer loop
      vertex 7.4 0 6
      vertex 4.98782 -0.348782 6
      vertex 4.95134 -0.695865 6
    endloop
  endfacet
  facet normal -0 0 1
    outer loop
      vertex 5 -8.80601 6
      vertex 7.4 -12.7685 6
      vertex 5 -7.19399 6
    endloop
  endfacet
  facet normal 0 0 1
    outer loop
      vertex 5 -16 6
      vertex 7.4 -12.7685 6
      vertex 5 -8.80601 6
    endloop
  endfacet
  facet normal 0 0 1
    outer loop
      vertex 7.4 -12.7685 6
      vertex 5 -16 6
      vertex 6.93528 -16 6
    endloop
  endfacet
  facet normal -0 0 1
    outer loop
      vertex 4.95 -7.22058 6
      vertex 5 -8.80601 6
      vertex 5 -7.19399 6
    endloop
  endfacet
  facet normal 0 0 1
    outer loop
      vertex 4.95 -7.22058 6
      vertex 4.95 -8.77942 6
      vertex 5 -8.80601 6
    endloop
  endfacet
  facet normal -0 0 1
    outer loop
      vertex 4.89673 -7.25387 6
      vertex 4.95 -8.77942 6
      vertex 4.95 -7.22058 6
    endloop
  endfacet
  facet normal 0 0 1
    outer loop
      vertex 4.89673 -7.25387 6
      vertex 4.89673 -8.74613 6
      vertex 4.95 -8.77942 6
    endloop
  endfacet
  facet normal -0 0 1
    outer loop
      vertex 4.8459 -7.29079 6
      vertex 4.89673 -8.74613 6
      vertex 4.89673 -7.25387 6
    endloop
  endfacet
  facet normal 0 0 1
    outer loop
      vertex 4.8459 -7.29079 6
      vertex 4.8459 -8.70921 6
      vertex 4.89673 -8.74613 6
    endloop
  endfacet
  facet normal -0 0 1
    outer loop
      vertex 4.79778 -7.33117 6
      vertex 4.8459 -8.70921 6
      vertex 4.8459 -7.29079 6
    endloop
  endfacet
  facet normal 0 0 1
    outer loop
      vertex 4.79778 -7.33117 6
      vertex 4.79778 -8.66883 6
      vertex 4.8459 -8.70921 6
    endloop
  endfacet
  facet normal -0 0 1
    outer loop
      vertex 4.75259 -7.37481 6
      vertex 4.79778 -8.66883 6
      vertex 4.79778 -7.33117 6
    endloop
  endfacet
  facet normal 0 0 1
    outer loop
      vertex 4.75259 -7.37481 6
      vertex 4.75259 -8.62519 6
      vertex 4.79778 -8.66883 6
    endloop
  endfacet
  facet normal -0 0 1
    outer loop
      vertex 4.71056 -7.42149 6
      vertex 4.75259 -8.62519 6
      vertex 4.75259 -7.37481 6
    endloop
  endfacet
  facet normal 0 0 1
    outer loop
      vertex 4.71056 -7.42149 6
      vertex 4.71056 -8.57851 6
      vertex 4.75259 -8.62519 6
    endloop
  endfacet
  facet normal -0 0 1
    outer loop
      vertex 4.67188 -7.47099 6
      vertex 4.71056 -8.57851 6
      vertex 4.71056 -7.42149 6
    endloop
  endfacet
  facet normal 0 0 1
    outer loop
      vertex 4.67188 -7.47099 6
      vertex 4.67188 -8.52901 6
      vertex 4.71056 -8.57851 6
    endloop
  endfacet
  facet normal -0 0 1
    outer loop
      vertex 4.63676 -7.52307 6
      vertex 4.67188 -8.52901 6
      vertex 4.67188 -7.47099 6
    endloop
  endfacet
  facet normal 0 0 1
    outer loop
      vertex 4.63676 -7.52307 6
      vertex 4.63676 -8.47693 6
      vertex 4.67188 -8.52901 6
    endloop
  endfacet
  facet normal -0 0 1
    outer loop
      vertex 4.60535 -7.57748 6
      vertex 4.63676 -8.47693 6
      vertex 4.63676 -7.52307 6
    endloop
  endfacet
  facet normal 0 0 1
    outer loop
      vertex 4.60535 -7.57748 6
      vertex 4.60535 -8.42252 6
      vertex 4.63676 -8.47693 6
    endloop
  endfacet
  facet normal -0 0 1
    outer loop
      vertex 4.57781 -7.63394 6
      vertex 4.60535 -8.42252 6
      vertex 4.60535 -7.57748 6
    endloop
  endfacet
  facet normal 0 0 1
    outer loop
      vertex 4.57781 -7.63394 6
      vertex 4.57781 -8.36606 6
      vertex 4.60535 -8.42252 6
    endloop
  endfacet
  facet normal -0 0 1
    outer loop
      vertex 4.55428 -7.69218 6
      vertex 4.57781 -8.36606 6
      vertex 4.57781 -7.63394 6
    endloop
  endfacet
  facet normal 0 0 1
    outer loop
      vertex 4.55428 -7.69218 6
      vertex 4.55428 -8.30782 6
      vertex 4.57781 -8.36606 6
    endloop
  endfacet
  facet normal -0 0 1
    outer loop
      vertex 4.53486 -7.75193 6
      vertex 4.55428 -8.30782 6
      vertex 4.55428 -7.69218 6
    endloop
  endfacet
  facet normal 0 0 1
    outer loop
      vertex 4.53486 -7.75193 6
      vertex 4.53486 -8.24807 6
      vertex 4.55428 -8.30782 6
    endloop
  endfacet
  facet normal -0 0 1
    outer loop
      vertex 4.51967 -7.81288 6
      vertex 4.53486 -8.24807 6
      vertex 4.53486 -7.75193 6
    endloop
  endfacet
  facet normal 0 0 1
    outer loop
      vertex 4.51967 -7.81288 6
      vertex 4.51967 -8.18712 6
      vertex 4.53486 -8.24807 6
    endloop
  endfacet
  facet normal -0 0 1
    outer loop
      vertex 4.50876 -7.87474 6
      vertex 4.51967 -8.18712 6
      vertex 4.51967 -7.81288 6
    endloop
  endfacet
  facet normal 0 0 1
    outer loop
      vertex 4.50876 -7.87474 6
      vertex 4.50876 -8.12526 6
      vertex 4.51967 -8.18712 6
    endloop
  endfacet
  facet normal -0 0 1
    outer loop
      vertex 4.50219 -7.93722 6
      vertex 4.50876 -8.12526 6
      vertex 4.50876 -7.87474 6
    endloop
  endfacet
  facet normal 0 0 1
    outer loop
      vertex 4.50219 -7.93722 6
      vertex 4.50219 -8.06278 6
      vertex 4.50876 -8.12526 6
    endloop
  endfacet
  facet normal 0 -0 1
    outer loop
      vertex 4.50219 -8.06278 6
      vertex 4.50219 -7.93722 6
      vertex 4.5 -8 6
    endloop
  endfacet
  facet normal 0 0 1
    outer loop
      vertex 7.4 -12.7685 6
      vertex 5 -5.4525 6
      vertex 5 -7.19399 6
    endloop
  endfacet
  facet normal 0 0 1
    outer loop
      vertex 7.4 0 6
      vertex 4.95134 -0.695865 6
      vertex 4.89074 -1.03956 6
    endloop
  endfacet
  facet normal 0 0 1
    outer loop
      vertex 7.4 0 6
      vertex 4.89074 -1.03956 6
      vertex 4.80631 -1.37819 6
    endloop
  endfacet
  facet normal 0 0 1
    outer loop
      vertex 7.4 0 6
      vertex 4.80631 -1.37819 6
      vertex 4.69846 -1.7101 6
    endloop
  endfacet
  facet normal 0 0 1
    outer loop
      vertex 4.56773 -2.03368 6
      vertex 7.4 0 6
      vertex 4.69846 -1.7101 6
    endloop
  endfacet
  facet normal 0 0 1
    outer loop
      vertex 7.4 0 6
      vertex 4.56773 -2.03368 6
      vertex 5 -5.4525 6
    endloop
  endfacet
  facet normal -0 0 1
    outer loop
      vertex 4.41474 -2.34736 6
      vertex 5 -5.4525 6
      vertex 4.56773 -2.03368 6
    endloop
  endfacet
  facet normal -0 0 1
    outer loop
      vertex 4.24024 -2.6496 6
      vertex 5 -5.4525 6
      vertex 4.41474 -2.34736 6
    endloop
  endfacet
  facet normal -0 0 1
    outer loop
      vertex 4.04508 -2.93893 6
      vertex 5 -5.4525 6
      vertex 4.24024 -2.6496 6
    endloop
  endfacet
  facet normal -0 0 1
    outer loop
      vertex 3.83022 -3.21394 6
      vertex 5 -5.4525 6
      vertex 4.04508 -2.93893 6
    endloop
  endfacet
  facet normal -0 0 1
    outer loop
      vertex 3.5967 -3.47329 6
      vertex 5 -5.4525 6
      vertex 3.83022 -3.21394 6
    endloop
  endfacet
  facet normal -0 0 1
    outer loop
      vertex 3.34565 -3.71572 6
      vertex 5 -5.4525 6
      vertex 3.5967 -3.47329 6
    endloop
  endfacet
  facet normal 0 0 1
    outer loop
      vertex 5 -5.4525 6
      vertex 3.34565 -3.71572 6
      vertex 4.95157 -5.49927 6
    endloop
  endfacet
  facet normal 0 0 1
    outer loop
      vertex 4.95157 -5.49927 6
      vertex 3.34565 -3.71572 6
      vertex 4.55589 -5.83128 6
    endloop
  endfacet
  facet normal -0 0 1
    outer loop
      vertex 3.07831 -3.94005 6
      vertex 4.55589 -5.83128 6
      vertex 3.34565 -3.71572 6
    endloop
  endfacet
  facet normal 0 0 1
    outer loop
      vertex 4.55589 -5.83128 6
      vertex 3.07831 -3.94005 6
      vertex 4.13803 -6.13488 6
    endloop
  endfacet
  facet normal -0 0 1
    outer loop
      vertex 2.79596 -4.14519 6
      vertex 4.13803 -6.13488 6
      vertex 3.07831 -3.94005 6
    endloop
  endfacet
  facet normal 0 0 1
    outer loop
      vertex 4.13803 -6.13488 6
      vertex 2.79596 -4.14519 6
      vertex 3.7 -6.40859 6
    endloop
  endfacet
  facet normal -0 0 1
    outer loop
      vertex 2.5 -4.33013 6
      vertex 3.7 -6.40859 6
      vertex 2.79596 -4.14519 6
    endloop
  endfacet
  facet normal 0 0 1
    outer loop
      vertex 3.7 -6.40859 6
      vertex 2.5 -4.33013 6
      vertex 3.24395 -6.65108 6
    endloop
  endfacet
  facet normal -0 0 1
    outer loop
      vertex 2.19186 -4.49397 6
      vertex 3.24395 -6.65108 6
      vertex 2.5 -4.33013 6
    endloop
  endfacet
  facet normal -0 0 1
    outer loop
      vertex 2 -4.57939 6
      vertex 3.24395 -6.65108 6
      vertex 2.19186 -4.49397 6
    endloop
  endfacet
  facet normal 0 0 1
    outer loop
      vertex 3.24395 -6.65108 6
      vertex 2 -4.57939 6
      vertex 2.77209 -6.86116 6
    endloop
  endfacet
  facet normal 0 0 1
    outer loop
      vertex 2.77209 -6.86116 6
      vertex 2 -4.57939 6
      vertex 2.28673 -7.03782 6
    endloop
  endfacet
  facet normal 0 0 1
    outer loop
      vertex 2.28673 -7.03782 6
      vertex 2 -4.57939 6
      vertex 2 -7.12004 6
    endloop
  endfacet
  facet normal 0 0 1
    outer loop
      vertex 7.38197 0.516197 6
      vertex 4.98782 0.348782 6
      vertex 5 0 6
    endloop
  endfacet
  facet normal 0 0 1
    outer loop
      vertex 3.5967 3.47329 6
      vertex 5.32311 5.14047 6
      vertex 4.95157 5.49927 6
    endloop
  endfacet
  facet normal 0 0 1
    outer loop
      vertex 7.32798 1.02988 6
      vertex 4.95134 0.695865 6
      vertex 4.98782 0.348782 6
    endloop
  endfacet
  facet normal 0 0 1
    outer loop
      vertex 7.23829 1.53855 6
      vertex 4.89074 1.03956 6
      vertex 4.95134 0.695865 6
    endloop
  endfacet
  facet normal 0 0 1
    outer loop
      vertex 7.11334 2.03972 6
      vertex 4.80631 1.37819 6
      vertex 4.89074 1.03956 6
    endloop
  endfacet
  facet normal 0 0 1
    outer loop
      vertex 6.95372 2.53095 6
      vertex 4.69846 1.7101 6
      vertex 4.80631 1.37819 6
    endloop
  endfacet
  facet normal 0 0 1
    outer loop
      vertex 6.76024 3.00985 6
      vertex 4.56773 2.03368 6
      vertex 4.69846 1.7101 6
    endloop
  endfacet
  facet normal 0 0 1
    outer loop
      vertex 3.34565 3.71572 6
      vertex 4.95157 5.49927 6
      vertex 4.55589 5.83128 6
    endloop
  endfacet
  facet normal 0 0 1
    outer loop
      vertex 6.53381 3.47409 6
      vertex 4.41474 2.34736 6
      vertex 4.56773 2.03368 6
    endloop
  endfacet
  facet normal 0 0 1
    outer loop
      vertex 6.27556 3.9214 6
      vertex 4.24024 2.6496 6
      vertex 4.41474 2.34736 6
    endloop
  endfacet
  facet normal 0 0 1
    outer loop
      vertex 3.07831 3.94005 6
      vertex 4.55589 5.83128 6
      vertex 4.13803 6.13488 6
    endloop
  endfacet
  facet normal 0 0 1
    outer loop
      vertex 5.98672 4.34961 6
      vertex 4.04508 2.93893 6
      vertex 4.24024 2.6496 6
    endloop
  endfacet
  facet normal 0 0 1
    outer loop
      vertex 5.66873 4.75663 6
      vertex 3.83022 3.21394 6
      vertex 4.04508 2.93893 6
    endloop
  endfacet
  facet normal 0 0 1
    outer loop
      vertex 2.79596 4.14519 6
      vertex 4.13803 6.13488 6
      vertex 3.7 6.40859 6
    endloop
  endfacet
  facet normal 0 0 1
    outer loop
      vertex 5.32311 5.14047 6
      vertex 3.5967 3.47329 6
      vertex 3.83022 3.21394 6
    endloop
  endfacet
  facet normal 0 0 1
    outer loop
      vertex 4.95157 5.49927 6
      vertex 3.34565 3.71572 6
      vertex 3.5967 3.47329 6
    endloop
  endfacet
  facet normal 0 0 1
    outer loop
      vertex 2.5 4.33013 6
      vertex 3.7 6.40859 6
      vertex 3.24395 6.65108 6
    endloop
  endfacet
  facet normal 0 0 1
    outer loop
      vertex 4.55589 5.83128 6
      vertex 3.07831 3.94005 6
      vertex 3.34565 3.71572 6
    endloop
  endfacet
  facet normal 0 0 1
    outer loop
      vertex 4.13803 6.13488 6
      vertex 2.79596 4.14519 6
      vertex 3.07831 3.94005 6
    endloop
  endfacet
  facet normal 0 0 1
    outer loop
      vertex 2.19186 4.49397 6
      vertex 3.24395 6.65108 6
      vertex 2.77209 6.86116 6
    endloop
  endfacet
  facet normal 0 0 1
    outer loop
      vertex 3.7 6.40859 6
      vertex 2.5 4.33013 6
      vertex 2.79596 4.14519 6
    endloop
  endfacet
  facet normal 0 0 1
    outer loop
      vertex 1.87303 4.63592 6
      vertex 2.77209 6.86116 6
      vertex 2.28673 7.03782 6
    endloop
  endfacet
  facet normal 0 0 1
    outer loop
      vertex 3.24395 6.65108 6
      vertex 2.19186 4.49397 6
      vertex 2.5 4.33013 6
    endloop
  endfacet
  facet normal 0 0 1
    outer loop
      vertex 2.77209 6.86116 6
      vertex 1.87303 4.63592 6
      vertex 2.19186 4.49397 6
    endloop
  endfacet
  facet normal 0 0 1
    outer loop
      vertex 1.54508 4.75528 6
      vertex 2.28673 7.03782 6
      vertex 1.79022 7.18019 6
    endloop
  endfacet
  facet normal 0 0 1
    outer loop
      vertex 2.28673 7.03782 6
      vertex 1.54508 4.75528 6
      vertex 1.87303 4.63592 6
    endloop
  endfacet
  facet normal 0 0 1
    outer loop
      vertex 1.20961 4.85148 6
      vertex 1.79022 7.18019 6
      vertex 1.285 7.28758 6
    endloop
  endfacet
  facet normal 0 0 1
    outer loop
      vertex 1.79022 7.18019 6
      vertex 1.20961 4.85148 6
      vertex 1.54508 4.75528 6
    endloop
  endfacet
  facet normal 0 0 1
    outer loop
      vertex 1.285 7.28758 6
      vertex 0.86824 4.92404 6
      vertex 1.20961 4.85148 6
    endloop
  endfacet
  facet normal 0 0 1
    outer loop
      vertex 0.77351 7.35946 6
      vertex 0.86824 4.92404 6
      vertex 1.285 7.28758 6
    endloop
  endfacet
  facet normal 0 0 1
    outer loop
      vertex 0.77351 7.35946 6
      vertex 0.522642 4.97261 6
      vertex 0.86824 4.92404 6
    endloop
  endfacet
  facet normal 0 0 1
    outer loop
      vertex 0.258256 7.39549 6
      vertex 0.522642 4.97261 6
      vertex 0.77351 7.35946 6
    endloop
  endfacet
  facet normal 0 0 1
    outer loop
      vertex 0.258256 7.39549 6
      vertex 0.174497 4.99695 6
      vertex 0.522642 4.97261 6
    endloop
  endfacet
  facet normal 0 0 1
    outer loop
      vertex 0.258256 7.39549 6
      vertex -0.174497 4.99695 6
      vertex 0.174497 4.99695 6
    endloop
  endfacet
  facet normal -0 0 1
    outer loop
      vertex -0.258256 7.39549 6
      vertex -0.174497 4.99695 6
      vertex 0.258256 7.39549 6
    endloop
  endfacet
  facet normal 0 0 1
    outer loop
      vertex -0.258256 7.39549 6
      vertex -0.522642 4.97261 6
      vertex -0.174497 4.99695 6
    endloop
  endfacet
  facet normal -0 0 1
    outer loop
      vertex -0.77351 7.35946 6
      vertex -0.522642 4.97261 6
      vertex -0.258256 7.39549 6
    endloop
  endfacet
  facet normal 0 0 1
    outer loop
      vertex -0.77351 7.35946 6
      vertex -0.86824 4.92404 6
      vertex -0.522642 4.97261 6
    endloop
  endfacet
  facet normal -0 0 1
    outer loop
      vertex -1.285 7.28758 6
      vertex -0.86824 4.92404 6
      vertex -0.77351 7.35946 6
    endloop
  endfacet
  facet normal 0 0 1
    outer loop
      vertex -0.86824 4.92404 6
      vertex -1.285 7.28758 6
      vertex -1.20961 4.85148 6
    endloop
  endfacet
  facet normal -0 0 1
    outer loop
      vertex -1.79022 7.18019 6
      vertex -1.20961 4.85148 6
      vertex -1.285 7.28758 6
    endloop
  endfacet
  facet normal 0 0 1
    outer loop
      vertex -1.20961 4.85148 6
      vertex -1.79022 7.18019 6
      vertex -1.54508 4.75528 6
    endloop
  endfacet
  facet normal -0 0 1
    outer loop
      vertex -2.28673 7.03782 6
      vertex -1.54508 4.75528 6
      vertex -1.79022 7.18019 6
    endloop
  endfacet
  facet normal 0 0 1
    outer loop
      vertex -1.54508 4.75528 6
      vertex -2.28673 7.03782 6
      vertex -1.87303 4.63592 6
    endloop
  endfacet
  facet normal -0 0 1
    outer loop
      vertex -2.77209 6.86116 6
      vertex -1.87303 4.63592 6
      vertex -2.28673 7.03782 6
    endloop
  endfacet
  facet normal 0 0 1
    outer loop
      vertex -1.87303 4.63592 6
      vertex -2.77209 6.86116 6
      vertex -2.19186 4.49397 6
    endloop
  endfacet
  facet normal -0 0 1
    outer loop
      vertex -3.24395 6.65108 6
      vertex -2.19186 4.49397 6
      vertex -2.77209 6.86116 6
    endloop
  endfacet
  facet normal 0 0 1
    outer loop
      vertex -2.19186 4.49397 6
      vertex -3.24395 6.65108 6
      vertex -2.5 4.33013 6
    endloop
  endfacet
  facet normal -0 0 1
    outer loop
      vertex -3.7 6.40859 6
      vertex -2.5 4.33013 6
      vertex -3.24395 6.65108 6
    endloop
  endfacet
  facet normal 0 0 1
    outer loop
      vertex -2.5 4.33013 6
      vertex -3.7 6.40859 6
      vertex -2.79596 4.14519 6
    endloop
  endfacet
  facet normal -0 0 1
    outer loop
      vertex -4.13803 6.13488 6
      vertex -2.79596 4.14519 6
      vertex -3.7 6.40859 6
    endloop
  endfacet
  facet normal 0 0 1
    outer loop
      vertex -2.79596 4.14519 6
      vertex -4.13803 6.13488 6
      vertex -3.07831 3.94005 6
    endloop
  endfacet
  facet normal -0 0 1
    outer loop
      vertex -4.55589 5.83128 6
      vertex -3.07831 3.94005 6
      vertex -4.13803 6.13488 6
    endloop
  endfacet
  facet normal 0 0 1
    outer loop
      vertex -3.07831 3.94005 6
      vertex -4.55589 5.83128 6
      vertex -3.34565 3.71572 6
    endloop
  endfacet
  facet normal -0 0 1
    outer loop
      vertex -4.95157 5.49927 6
      vertex -3.34565 3.71572 6
      vertex -4.55589 5.83128 6
    endloop
  endfacet
  facet normal 0 0 1
    outer loop
      vertex -3.34565 3.71572 6
      vertex -4.95157 5.49927 6
      vertex -3.5967 3.47329 6
    endloop
  endfacet
  facet normal -0 0 1
    outer loop
      vertex -5.32311 5.14047 6
      vertex -3.5967 3.47329 6
      vertex -4.95157 5.49927 6
    endloop
  endfacet
  facet normal 0 0 1
    outer loop
      vertex -3.5967 3.47329 6
      vertex -5.32311 5.14047 6
      vertex -3.83022 3.21394 6
    endloop
  endfacet
  facet normal -0 0 1
    outer loop
      vertex -5.66873 4.75663 6
      vertex -3.83022 3.21394 6
      vertex -5.32311 5.14047 6
    endloop
  endfacet
  facet normal 0 0 1
    outer loop
      vertex -3.83022 3.21394 6
      vertex -5.66873 4.75663 6
      vertex -4.04508 2.93893 6
    endloop
  endfacet
  facet normal -0 0 1
    outer loop
      vertex -5.98672 4.34961 6
      vertex -4.04508 2.93893 6
      vertex -5.66873 4.75663 6
    endloop
  endfacet
  facet normal 0 0 1
    outer loop
      vertex -4.04508 2.93893 6
      vertex -5.98672 4.34961 6
      vertex -4.24024 2.6496 6
    endloop
  endfacet
  facet normal -0 0 1
    outer loop
      vertex -6.27556 3.9214 6
      vertex -4.24024 2.6496 6
      vertex -5.98672 4.34961 6
    endloop
  endfacet
  facet normal 0 0 1
    outer loop
      vertex -4.24024 2.6496 6
      vertex -6.27556 3.9214 6
      vertex -4.41474 2.34736 6
    endloop
  endfacet
  facet normal -0 0 1
    outer loop
      vertex -6.53381 3.47409 6
      vertex -4.41474 2.34736 6
      vertex -6.27556 3.9214 6
    endloop
  endfacet
  facet normal 0 0 1
    outer loop
      vertex -4.41474 2.34736 6
      vertex -6.53381 3.47409 6
      vertex -4.56773 2.03368 6
    endloop
  endfacet
  facet normal -0 0 1
    outer loop
      vertex -6.76024 3.00985 6
      vertex -4.56773 2.03368 6
      vertex -6.53381 3.47409 6
    endloop
  endfacet
  facet normal 0 0 1
    outer loop
      vertex -4.56773 -2.03368 6
      vertex -7.4 0 6
      vertex -5 -5.4525 6
    endloop
  endfacet
  facet normal 0 0 1
    outer loop
      vertex -4.56773 2.03368 6
      vertex -6.76024 3.00985 6
      vertex -4.69846 1.7101 6
    endloop
  endfacet
  facet normal -0 0 1
    outer loop
      vertex -6.95372 2.53095 6
      vertex -4.69846 1.7101 6
      vertex -6.76024 3.00985 6
    endloop
  endfacet
  facet normal 0 0 1
    outer loop
      vertex -4.69846 1.7101 6
      vertex -6.95372 2.53095 6
      vertex -4.80631 1.37819 6
    endloop
  endfacet
  facet normal -0 0 1
    outer loop
      vertex -7.11334 2.03972 6
      vertex -4.80631 1.37819 6
      vertex -6.95372 2.53095 6
    endloop
  endfacet
  facet normal 0 0 1
    outer loop
      vertex -4.80631 1.37819 6
      vertex -7.11334 2.03972 6
      vertex -4.89074 1.03956 6
    endloop
  endfacet
  facet normal -0 0 1
    outer loop
      vertex -7.23829 1.53855 6
      vertex -4.89074 1.03956 6
      vertex -7.11334 2.03972 6
    endloop
  endfacet
  facet normal 0 0 1
    outer loop
      vertex -4.89074 1.03956 6
      vertex -7.23829 1.53855 6
      vertex -4.95134 0.695865 6
    endloop
  endfacet
  facet normal -0 0 1
    outer loop
      vertex -7.32798 1.02988 6
      vertex -4.95134 0.695865 6
      vertex -7.23829 1.53855 6
    endloop
  endfacet
  facet normal 0 0 1
    outer loop
      vertex -4.95134 0.695865 6
      vertex -7.32798 1.02988 6
      vertex -4.98782 0.348782 6
    endloop
  endfacet
  facet normal -0 0 1
    outer loop
      vertex -7.38197 0.516197 6
      vertex -4.98782 0.348782 6
      vertex -7.32798 1.02988 6
    endloop
  endfacet
  facet normal 0 0 1
    outer loop
      vertex -4.98782 0.348782 6
      vertex -7.38197 0.516197 6
      vertex -5 0 6
    endloop
  endfacet
  facet normal 0 0 1
    outer loop
      vertex -5 0 6
      vertex -7.38197 0.516197 6
      vertex -7.4 0 6
    endloop
  endfacet
  facet normal 0 0 1
    outer loop
      vertex -7.4 -16 6
      vertex -5 -5.4525 6
      vertex -7.4 0 6
    endloop
  endfacet
  facet normal 0 0 1
    outer loop
      vertex -5 -5.4525 6
      vertex -7.4 -16 6
      vertex -5 -16 6
    endloop
  endfacet
  facet normal 0 0 1
    outer loop
      vertex -3.24395 -6.65108 6
      vertex -2 -4.57939 6
      vertex -2.19186 -4.49397 6
    endloop
  endfacet
  facet normal 0 0 1
    outer loop
      vertex -2 -4.57939 6
      vertex -2.28673 -7.03782 6
      vertex -2 -7.12004 6
    endloop
  endfacet
  facet normal 0 0 1
    outer loop
      vertex -3.24395 -6.65108 6
      vertex -2.19186 -4.49397 6
      vertex -2.5 -4.33013 6
    endloop
  endfacet
  facet normal 0 0 1
    outer loop
      vertex -2 -4.57939 6
      vertex -2.77209 -6.86116 6
      vertex -2.28673 -7.03782 6
    endloop
  endfacet
  facet normal 0 0 1
    outer loop
      vertex -3.7 -6.40859 6
      vertex -2.5 -4.33013 6
      vertex -2.79596 -4.14519 6
    endloop
  endfacet
  facet normal 0 0 1
    outer loop
      vertex -4.13803 -6.13488 6
      vertex -2.79596 -4.14519 6
      vertex -3.07831 -3.94005 6
    endloop
  endfacet
  facet normal 0 0 1
    outer loop
      vertex -2 -4.57939 6
      vertex -3.24395 -6.65108 6
      vertex -2.77209 -6.86116 6
    endloop
  endfacet
  facet normal 0 0 1
    outer loop
      vertex -4.55589 -5.83128 6
      vertex -3.07831 -3.94005 6
      vertex -3.34565 -3.71572 6
    endloop
  endfacet
  facet normal 0 0 1
    outer loop
      vertex -5 -5.4525 6
      vertex -3.34565 -3.71572 6
      vertex -3.5967 -3.47329 6
    endloop
  endfacet
  facet normal 0 0 1
    outer loop
      vertex -2.5 -4.33013 6
      vertex -3.7 -6.40859 6
      vertex -3.24395 -6.65108 6
    endloop
  endfacet
  facet normal 0 0 1
    outer loop
      vertex -5 -5.4525 6
      vertex -3.5967 -3.47329 6
      vertex -3.83022 -3.21394 6
    endloop
  endfacet
  facet normal 0 0 1
    outer loop
      vertex -5 -5.4525 6
      vertex -3.83022 -3.21394 6
      vertex -4.04508 -2.93893 6
    endloop
  endfacet
  facet normal 0 0 1
    outer loop
      vertex -2.79596 -4.14519 6
      vertex -4.13803 -6.13488 6
      vertex -3.7 -6.40859 6
    endloop
  endfacet
  facet normal 0 0 1
    outer loop
      vertex -5 -5.4525 6
      vertex -4.04508 -2.93893 6
      vertex -4.24024 -2.6496 6
    endloop
  endfacet
  facet normal 0 0 1
    outer loop
      vertex -5 -5.4525 6
      vertex -4.24024 -2.6496 6
      vertex -4.41474 -2.34736 6
    endloop
  endfacet
  facet normal 0 0 1
    outer loop
      vertex -3.07831 -3.94005 6
      vertex -4.55589 -5.83128 6
      vertex -4.13803 -6.13488 6
    endloop
  endfacet
  facet normal 0 0 1
    outer loop
      vertex -5 -5.4525 6
      vertex -4.41474 -2.34736 6
      vertex -4.56773 -2.03368 6
    endloop
  endfacet
  facet normal 0 0 1
    outer loop
      vertex -7.4 0 6
      vertex -4.56773 -2.03368 6
      vertex -4.69846 -1.7101 6
    endloop
  endfacet
  facet normal 0 0 1
    outer loop
      vertex -7.4 0 6
      vertex -4.69846 -1.7101 6
      vertex -4.80631 -1.37819 6
    endloop
  endfacet
  facet normal 0 0 1
    outer loop
      vertex -7.4 0 6
      vertex -4.80631 -1.37819 6
      vertex -4.89074 -1.03956 6
    endloop
  endfacet
  facet normal 0 0 1
    outer loop
      vertex -7.4 0 6
      vertex -4.89074 -1.03956 6
      vertex -4.95134 -0.695865 6
    endloop
  endfacet
  facet normal 0 0 1
    outer loop
      vertex -3.34565 -3.71572 6
      vertex -4.95157 -5.49927 6
      vertex -4.55589 -5.83128 6
    endloop
  endfacet
  facet normal 0 0 1
    outer loop
      vertex -7.4 0 6
      vertex -4.95134 -0.695865 6
      vertex -4.98782 -0.348782 6
    endloop
  endfacet
  facet normal -0 0 1
    outer loop
      vertex -7.4 0 6
      vertex -4.98782 -0.348782 6
      vertex -5 0 6
    endloop
  endfacet
  facet normal 0 0 1
    outer loop
      vertex -3.34565 -3.71572 6
      vertex -5 -5.4525 6
      vertex -4.95157 -5.49927 6
    endloop
  endfacet
  facet normal -0.406728 0.913549 0
    outer loop
      vertex -2.77209 6.86116 -6
      vertex -3.24395 6.65108 6
      vertex -2.77209 6.86116 6
    endloop
  endfacet
  facet normal -0.406728 0.913549 0
    outer loop
      vertex -3.24395 6.65108 6
      vertex -2.77209 6.86116 -6
      vertex -3.24395 6.65108 -6
    endloop
  endfacet
  facet normal -0.587794 0.809011 0
    outer loop
      vertex -4.13803 6.13488 -6
      vertex -4.55589 5.83128 6
      vertex -4.13803 6.13488 6
    endloop
  endfacet
  facet normal -0.587794 0.809011 0
    outer loop
      vertex -4.55589 5.83128 6
      vertex -4.13803 6.13488 -6
      vertex -4.55589 5.83128 -6
    endloop
  endfacet
  facet normal -0.469477 0.882944 0
    outer loop
      vertex -3.24395 6.65108 -6
      vertex -3.7 6.40859 6
      vertex -3.24395 6.65108 6
    endloop
  endfacet
  facet normal -0.469477 0.882944 0
    outer loop
      vertex -3.7 6.40859 6
      vertex -3.24395 6.65108 -6
      vertex -3.7 6.40859 -6
    endloop
  endfacet
  facet normal -0.275634 0.961263 0
    outer loop
      vertex -1.79022 7.18019 -6
      vertex -2.28673 7.03782 6
      vertex -1.79022 7.18019 6
    endloop
  endfacet
  facet normal -0.275634 0.961263 0
    outer loop
      vertex -2.28673 7.03782 6
      vertex -1.79022 7.18019 -6
      vertex -2.28673 7.03782 -6
    endloop
  endfacet
  facet normal -0.207916 0.978147 0
    outer loop
      vertex -1.285 7.28758 -6
      vertex -1.79022 7.18019 6
      vertex -1.285 7.28758 6
    endloop
  endfacet
  facet normal -0.207916 0.978147 0
    outer loop
      vertex -1.79022 7.18019 6
      vertex -1.285 7.28758 -6
      vertex -1.79022 7.18019 -6
    endloop
  endfacet
  facet normal 0.469477 -0.882944 0
    outer loop
      vertex 3.24395 -6.65108 -6
      vertex 3.7 -6.40859 6
      vertex 3.24395 -6.65108 6
    endloop
  endfacet
  facet normal 0.469477 -0.882944 0
    outer loop
      vertex 3.7 -6.40859 6
      vertex 3.24395 -6.65108 -6
      vertex 3.7 -6.40859 -6
    endloop
  endfacet
  facet normal -0.694671 -0.719327 0
    outer loop
      vertex -5 -5.4525 -6
      vertex -4.95157 -5.49927 6
      vertex -5 -5.4525 6
    endloop
  endfacet
  facet normal -0.694671 -0.719327 -0
    outer loop
      vertex -4.95157 -5.49927 6
      vertex -5 -5.4525 -6
      vertex -4.95157 -5.49927 -6
    endloop
  endfacet
  facet normal 0 0 -1
    outer loop
      vertex -7.4 -16 -6
      vertex -5 -5.4525 -6
      vertex -5 -16 -6
    endloop
  endfacet
  facet normal 0 0 -1
    outer loop
      vertex -5 -5.4525 -6
      vertex -7.4 0 -6
      vertex -5 0 -6
    endloop
  endfacet
  facet normal 0 -0 -1
    outer loop
      vertex -7.38197 0.516197 -6
      vertex -5 0 -6
      vertex -7.4 0 -6
    endloop
  endfacet
  facet normal 0 0 -1
    outer loop
      vertex -5 0 -6
      vertex -5.66873 4.75663 -6
      vertex -5.32311 5.14047 -6
    endloop
  endfacet
  facet normal 0 0 -1
    outer loop
      vertex -5 0 -6
      vertex -5.98672 4.34961 -6
      vertex -5.66873 4.75663 -6
    endloop
  endfacet
  facet normal 0 0 -1
    outer loop
      vertex -5 0 -6
      vertex -6.27556 3.9214 -6
      vertex -5.98672 4.34961 -6
    endloop
  endfacet
  facet normal 0 0 -1
    outer loop
      vertex -5 0 -6
      vertex -6.53381 3.47409 -6
      vertex -6.27556 3.9214 -6
    endloop
  endfacet
  facet normal 0 0 -1
    outer loop
      vertex -5 0 -6
      vertex -6.76024 3.00985 -6
      vertex -6.53381 3.47409 -6
    endloop
  endfacet
  facet normal 0 0 -1
    outer loop
      vertex -5 0 -6
      vertex -6.95372 2.53095 -6
      vertex -6.76024 3.00985 -6
    endloop
  endfacet
  facet normal 0 0 -1
    outer loop
      vertex -5 0 -6
      vertex -7.11334 2.03972 -6
      vertex -6.95372 2.53095 -6
    endloop
  endfacet
  facet normal 0 0 -1
    outer loop
      vertex -5 0 -6
      vertex -7.23829 1.53855 -6
      vertex -7.11334 2.03972 -6
    endloop
  endfacet
  facet normal 0 0 -1
    outer loop
      vertex -5 0 -6
      vertex -7.32798 1.02988 -6
      vertex -7.23829 1.53855 -6
    endloop
  endfacet
  facet normal -0 0 -1
    outer loop
      vertex -5 -5.4525 -6
      vertex -7.4 -16 -6
      vertex -7.4 0 -6
    endloop
  endfacet
  facet normal 0 0 -1
    outer loop
      vertex -5 0 -6
      vertex -7.38197 0.516197 -6
      vertex -7.32798 1.02988 -6
    endloop
  endfacet
  facet normal 0 0 -1
    outer loop
      vertex -2.28673 -7.03782 -6
      vertex -2 -4.57939 -6
      vertex -2 -7.12004 -6
    endloop
  endfacet
  facet normal 0 0 -1
    outer loop
      vertex -2.77209 -6.86116 -6
      vertex -2 -4.57939 -6
      vertex -2.28673 -7.03782 -6
    endloop
  endfacet
  facet normal 0 0 -1
    outer loop
      vertex -3.24395 -6.65108 -6
      vertex -2 -4.57939 -6
      vertex -2.77209 -6.86116 -6
    endloop
  endfacet
  facet normal -0 0 -1
    outer loop
      vertex -2 -4.57939 -6
      vertex -3.24395 -6.65108 -6
      vertex -2.19186 -4.49397 -6
    endloop
  endfacet
  facet normal -0 0 -1
    outer loop
      vertex -2.19186 -4.49397 -6
      vertex -3.24395 -6.65108 -6
      vertex -2.5 -4.33013 -6
    endloop
  endfacet
  facet normal 0 0 -1
    outer loop
      vertex -3.7 -6.40859 -6
      vertex -2.5 -4.33013 -6
      vertex -3.24395 -6.65108 -6
    endloop
  endfacet
  facet normal -0 0 -1
    outer loop
      vertex -2.5 -4.33013 -6
      vertex -3.7 -6.40859 -6
      vertex -2.79596 -4.14519 -6
    endloop
  endfacet
  facet normal 0 0 -1
    outer loop
      vertex -4.13803 -6.13488 -6
      vertex -2.79596 -4.14519 -6
      vertex -3.7 -6.40859 -6
    endloop
  endfacet
  facet normal -0 0 -1
    outer loop
      vertex -2.79596 -4.14519 -6
      vertex -4.13803 -6.13488 -6
      vertex -3.07831 -3.94005 -6
    endloop
  endfacet
  facet normal 0 0 -1
    outer loop
      vertex -4.55589 -5.83128 -6
      vertex -3.07831 -3.94005 -6
      vertex -4.13803 -6.13488 -6
    endloop
  endfacet
  facet normal -0 0 -1
    outer loop
      vertex -3.07831 -3.94005 -6
      vertex -4.55589 -5.83128 -6
      vertex -3.34565 -3.71572 -6
    endloop
  endfacet
  facet normal 0 0 -1
    outer loop
      vertex -4.95157 -5.49927 -6
      vertex -3.34565 -3.71572 -6
      vertex -4.55589 -5.83128 -6
    endloop
  endfacet
  facet normal 0 0 -1
    outer loop
      vertex -5 -5.4525 -6
      vertex -3.34565 -3.71572 -6
      vertex -4.95157 -5.49927 -6
    endloop
  endfacet
  facet normal -0 0 -1
    outer loop
      vertex -3.34565 -3.71572 -6
      vertex -5 -5.4525 -6
      vertex -3.5967 -3.47329 -6
    endloop
  endfacet
  facet normal -0 0 -1
    outer loop
      vertex -3.5967 -3.47329 -6
      vertex -5 -5.4525 -6
      vertex -3.83022 -3.21394 -6
    endloop
  endfacet
  facet normal -0 0 -1
    outer loop
      vertex -3.83022 -3.21394 -6
      vertex -5 -5.4525 -6
      vertex -4.04508 -2.93893 -6
    endloop
  endfacet
  facet normal -0 0 -1
    outer loop
      vertex -4.04508 -2.93893 -6
      vertex -5 -5.4525 -6
      vertex -4.24024 -2.6496 -6
    endloop
  endfacet
  facet normal -0 0 -1
    outer loop
      vertex -4.24024 -2.6496 -6
      vertex -5 -5.4525 -6
      vertex -4.41474 -2.34736 -6
    endloop
  endfacet
  facet normal -0 0 -1
    outer loop
      vertex -4.41474 -2.34736 -6
      vertex -5 -5.4525 -6
      vertex -4.56773 -2.03368 -6
    endloop
  endfacet
  facet normal -0 0 -1
    outer loop
      vertex -4.56773 -2.03368 -6
      vertex -5 -5.4525 -6
      vertex -4.69846 -1.7101 -6
    endloop
  endfacet
  facet normal -0 0 -1
    outer loop
      vertex -4.69846 -1.7101 -6
      vertex -5 -5.4525 -6
      vertex -4.80631 -1.37819 -6
    endloop
  endfacet
  facet normal -0 0 -1
    outer loop
      vertex -4.80631 -1.37819 -6
      vertex -5 -5.4525 -6
      vertex -4.89074 -1.03956 -6
    endloop
  endfacet
  facet normal -0 0 -1
    outer loop
      vertex -4.89074 -1.03956 -6
      vertex -5 -5.4525 -6
      vertex -4.95134 -0.695865 -6
    endloop
  endfacet
  facet normal -0 0 -1
    outer loop
      vertex -4.95134 -0.695865 -6
      vertex -5 -5.4525 -6
      vertex -4.98782 -0.348782 -6
    endloop
  endfacet
  facet normal -0 0 -1
    outer loop
      vertex -4.98782 -0.348782 -6
      vertex -5 -5.4525 -6
      vertex -5 0 -6
    endloop
  endfacet
  facet normal -0 0 -1
    outer loop
      vertex 7.4 0 -6
      vertex 4.98782 -0.348782 -6
      vertex 5 0 -6
    endloop
  endfacet
  facet normal 0 0 -1
    outer loop
      vertex 3.34565 -3.71572 -6
      vertex 5 -5.4525 -6
      vertex 4.95157 -5.49927 -6
    endloop
  endfacet
  facet normal 0 0 -1
    outer loop
      vertex 7.4 0 -6
      vertex 4.95134 -0.695865 -6
      vertex 4.98782 -0.348782 -6
    endloop
  endfacet
  facet normal 0 0 -1
    outer loop
      vertex 7.4 0 -6
      vertex 4.89074 -1.03956 -6
      vertex 4.95134 -0.695865 -6
    endloop
  endfacet
  facet normal 0 0 -1
    outer loop
      vertex 7.4 0 -6
      vertex 4.80631 -1.37819 -6
      vertex 4.89074 -1.03956 -6
    endloop
  endfacet
  facet normal 0 0 -1
    outer loop
      vertex 7.4 0 -6
      vertex 4.69846 -1.7101 -6
      vertex 4.80631 -1.37819 -6
    endloop
  endfacet
  facet normal 0 0 -1
    outer loop
      vertex 7.4 0 -6
      vertex 4.56773 -2.03368 -6
      vertex 4.69846 -1.7101 -6
    endloop
  endfacet
  facet normal 0 0 -1
    outer loop
      vertex 3.34565 -3.71572 -6
      vertex 4.95157 -5.49927 -6
      vertex 4.55589 -5.83128 -6
    endloop
  endfacet
  facet normal 0 0 -1
    outer loop
      vertex 5 -5.4525 -6
      vertex 4.41474 -2.34736 -6
      vertex 4.56773 -2.03368 -6
    endloop
  endfacet
  facet normal 0 0 -1
    outer loop
      vertex 5 -5.4525 -6
      vertex 4.24024 -2.6496 -6
      vertex 4.41474 -2.34736 -6
    endloop
  endfacet
  facet normal 0 0 -1
    outer loop
      vertex 3.07831 -3.94005 -6
      vertex 4.55589 -5.83128 -6
      vertex 4.13803 -6.13488 -6
    endloop
  endfacet
  facet normal 0 0 -1
    outer loop
      vertex 5 -5.4525 -6
      vertex 4.04508 -2.93893 -6
      vertex 4.24024 -2.6496 -6
    endloop
  endfacet
  facet normal 0 0 -1
    outer loop
      vertex 5 -5.4525 -6
      vertex 3.83022 -3.21394 -6
      vertex 4.04508 -2.93893 -6
    endloop
  endfacet
  facet normal 0 0 -1
    outer loop
      vertex 2.79596 -4.14519 -6
      vertex 4.13803 -6.13488 -6
      vertex 3.7 -6.40859 -6
    endloop
  endfacet
  facet normal 0 0 -1
    outer loop
      vertex 5 -5.4525 -6
      vertex 3.5967 -3.47329 -6
      vertex 3.83022 -3.21394 -6
    endloop
  endfacet
  facet normal 0 0 -1
    outer loop
      vertex 5 -5.4525 -6
      vertex 3.34565 -3.71572 -6
      vertex 3.5967 -3.47329 -6
    endloop
  endfacet
  facet normal 0 0 -1
    outer loop
      vertex 2.5 -4.33013 -6
      vertex 3.7 -6.40859 -6
      vertex 3.24395 -6.65108 -6
    endloop
  endfacet
  facet normal 0 0 -1
    outer loop
      vertex 4.55589 -5.83128 -6
      vertex 3.07831 -3.94005 -6
      vertex 3.34565 -3.71572 -6
    endloop
  endfacet
  facet normal 0 0 -1
    outer loop
      vertex 4.13803 -6.13488 -6
      vertex 2.79596 -4.14519 -6
      vertex 3.07831 -3.94005 -6
    endloop
  endfacet
  facet normal 0 0 -1
    outer loop
      vertex 2 -4.57939 -6
      vertex 3.24395 -6.65108 -6
      vertex 2.77209 -6.86116 -6
    endloop
  endfacet
  facet normal 0 0 -1
    outer loop
      vertex 3.7 -6.40859 -6
      vertex 2.5 -4.33013 -6
      vertex 2.79596 -4.14519 -6
    endloop
  endfacet
  facet normal 0 0 -1
    outer loop
      vertex 2 -4.57939 -6
      vertex 2.77209 -6.86116 -6
      vertex 2.28673 -7.03782 -6
    endloop
  endfacet
  facet normal 0 0 -1
    outer loop
      vertex 3.24395 -6.65108 -6
      vertex 2.19186 -4.49397 -6
      vertex 2.5 -4.33013 -6
    endloop
  endfacet
  facet normal 0 0 -1
    outer loop
      vertex 2 -4.57939 -6
      vertex 2.28673 -7.03782 -6
      vertex 2 -7.12004 -6
    endloop
  endfacet
  facet normal 0 0 -1
    outer loop
      vertex 3.24395 -6.65108 -6
      vertex 2 -4.57939 -6
      vertex 2.19186 -4.49397 -6
    endloop
  endfacet
  facet normal 0 0 -1
    outer loop
      vertex 4.95 -8.77942 -6
      vertex 5 -7.19399 -6
      vertex 5 -8.80601 -6
    endloop
  endfacet
  facet normal 0 0 -1
    outer loop
      vertex 4.95 -8.77942 -6
      vertex 4.95 -7.22058 -6
      vertex 5 -7.19399 -6
    endloop
  endfacet
  facet normal 0 0 -1
    outer loop
      vertex 4.89673 -8.74613 -6
      vertex 4.95 -7.22058 -6
      vertex 4.95 -8.77942 -6
    endloop
  endfacet
  facet normal 0 0 -1
    outer loop
      vertex 4.89673 -8.74613 -6
      vertex 4.89673 -7.25387 -6
      vertex 4.95 -7.22058 -6
    endloop
  endfacet
  facet normal 0 0 -1
    outer loop
      vertex 4.8459 -8.70921 -6
      vertex 4.89673 -7.25387 -6
      vertex 4.89673 -8.74613 -6
    endloop
  endfacet
  facet normal 0 0 -1
    outer loop
      vertex 4.8459 -8.70921 -6
      vertex 4.8459 -7.29079 -6
      vertex 4.89673 -7.25387 -6
    endloop
  endfacet
  facet normal 0 0 -1
    outer loop
      vertex 4.79778 -8.66883 -6
      vertex 4.8459 -7.29079 -6
      vertex 4.8459 -8.70921 -6
    endloop
  endfacet
  facet normal 0 0 -1
    outer loop
      vertex 4.79778 -8.66883 -6
      vertex 4.79778 -7.33117 -6
      vertex 4.8459 -7.29079 -6
    endloop
  endfacet
  facet normal 0 0 -1
    outer loop
      vertex 4.75259 -8.62519 -6
      vertex 4.79778 -7.33117 -6
      vertex 4.79778 -8.66883 -6
    endloop
  endfacet
  facet normal 0 0 -1
    outer loop
      vertex 4.75259 -8.62519 -6
      vertex 4.75259 -7.37481 -6
      vertex 4.79778 -7.33117 -6
    endloop
  endfacet
  facet normal 0 0 -1
    outer loop
      vertex 4.71056 -8.57851 -6
      vertex 4.75259 -7.37481 -6
      vertex 4.75259 -8.62519 -6
    endloop
  endfacet
  facet normal 0 0 -1
    outer loop
      vertex 4.71056 -8.57851 -6
      vertex 4.71056 -7.42149 -6
      vertex 4.75259 -7.37481 -6
    endloop
  endfacet
  facet normal 0 0 -1
    outer loop
      vertex 4.67188 -8.52901 -6
      vertex 4.71056 -7.42149 -6
      vertex 4.71056 -8.57851 -6
    endloop
  endfacet
  facet normal 0 0 -1
    outer loop
      vertex 4.67188 -8.52901 -6
      vertex 4.67188 -7.47099 -6
      vertex 4.71056 -7.42149 -6
    endloop
  endfacet
  facet normal 0 0 -1
    outer loop
      vertex 4.63676 -8.47693 -6
      vertex 4.67188 -7.47099 -6
      vertex 4.67188 -8.52901 -6
    endloop
  endfacet
  facet normal 0 0 -1
    outer loop
      vertex 4.63676 -8.47693 -6
      vertex 4.63676 -7.52307 -6
      vertex 4.67188 -7.47099 -6
    endloop
  endfacet
  facet normal 0 0 -1
    outer loop
      vertex 4.60535 -8.42252 -6
      vertex 4.63676 -7.52307 -6
      vertex 4.63676 -8.47693 -6
    endloop
  endfacet
  facet normal 0 0 -1
    outer loop
      vertex 4.60535 -8.42252 -6
      vertex 4.60535 -7.57748 -6
      vertex 4.63676 -7.52307 -6
    endloop
  endfacet
  facet normal 0 0 -1
    outer loop
      vertex 4.57781 -8.36606 -6
      vertex 4.60535 -7.57748 -6
      vertex 4.60535 -8.42252 -6
    endloop
  endfacet
  facet normal 0 0 -1
    outer loop
      vertex 4.57781 -8.36606 -6
      vertex 4.57781 -7.63394 -6
      vertex 4.60535 -7.57748 -6
    endloop
  endfacet
  facet normal 0 0 -1
    outer loop
      vertex 4.55428 -8.30782 -6
      vertex 4.57781 -7.63394 -6
      vertex 4.57781 -8.36606 -6
    endloop
  endfacet
  facet normal 0 0 -1
    outer loop
      vertex 4.55428 -8.30782 -6
      vertex 4.55428 -7.69218 -6
      vertex 4.57781 -7.63394 -6
    endloop
  endfacet
  facet normal 0 0 -1
    outer loop
      vertex 4.53486 -8.24807 -6
      vertex 4.55428 -7.69218 -6
      vertex 4.55428 -8.30782 -6
    endloop
  endfacet
  facet normal 0 0 -1
    outer loop
      vertex 4.53486 -8.24807 -6
      vertex 4.53486 -7.75193 -6
      vertex 4.55428 -7.69218 -6
    endloop
  endfacet
  facet normal 0 0 -1
    outer loop
      vertex 4.51967 -8.18712 -6
      vertex 4.53486 -7.75193 -6
      vertex 4.53486 -8.24807 -6
    endloop
  endfacet
  facet normal 0 0 -1
    outer loop
      vertex 4.51967 -8.18712 -6
      vertex 4.51967 -7.81288 -6
      vertex 4.53486 -7.75193 -6
    endloop
  endfacet
  facet normal 0 0 -1
    outer loop
      vertex 4.50876 -8.12526 -6
      vertex 4.51967 -7.81288 -6
      vertex 4.51967 -8.18712 -6
    endloop
  endfacet
  facet normal 0 0 -1
    outer loop
      vertex 4.50876 -8.12526 -6
      vertex 4.50876 -7.87474 -6
      vertex 4.51967 -7.81288 -6
    endloop
  endfacet
  facet normal 0 0 -1
    outer loop
      vertex 4.50219 -8.06278 -6
      vertex 4.50876 -7.87474 -6
      vertex 4.50876 -8.12526 -6
    endloop
  endfacet
  facet normal 0 0 -1
    outer loop
      vertex 4.50219 -8.06278 -6
      vertex 4.50219 -7.93722 -6
      vertex 4.50876 -7.87474 -6
    endloop
  endfacet
  facet normal 0 -0 -1
    outer loop
      vertex 4.50219 -7.93722 -6
      vertex 4.50219 -8.06278 -6
      vertex 4.5 -8 -6
    endloop
  endfacet
  facet normal 0 0 -1
    outer loop
      vertex 6.93528 -16 -6
      vertex 9.83013 -15.95 -6
      vertex 7.86417 -17.3266 -6
    endloop
  endfacet
  facet normal 0 -0 -1
    outer loop
      vertex 7.4 -12.7685 -6
      vertex 9.83013 -15.95 -6
      vertex 6.93528 -16 -6
    endloop
  endfacet
  facet normal 0 0 -1
    outer loop
      vertex 5 -5.4525 -6
      vertex 7.4 0 -6
      vertex 7.4 -12.7685 -6
    endloop
  endfacet
  facet normal 0 0 -1
    outer loop
      vertex 4.56773 -2.03368 -6
      vertex 7.4 0 -6
      vertex 5 -5.4525 -6
    endloop
  endfacet
  facet normal 0 0 -1
    outer loop
      vertex 7.4 0 -6
      vertex 5 0 -6
      vertex 7.38197 0.516197 -6
    endloop
  endfacet
  facet normal 0 0 -1
    outer loop
      vertex 4.98782 0.348782 -6
      vertex 7.38197 0.516197 -6
      vertex 5 0 -6
    endloop
  endfacet
  facet normal -0 0 -1
    outer loop
      vertex 7.38197 0.516197 -6
      vertex 4.98782 0.348782 -6
      vertex 7.32798 1.02988 -6
    endloop
  endfacet
  facet normal 0 0 -1
    outer loop
      vertex 9.83013 -15.95 -6
      vertex 7.4 -12.7685 -6
      vertex 7.53583 -12.6734 -6
    endloop
  endfacet
  facet normal 0 0 -1
    outer loop
      vertex 5 -16 -6
      vertex 7.4 -12.7685 -6
      vertex 6.93528 -16 -6
    endloop
  endfacet
  facet normal 0 0 -1
    outer loop
      vertex 5 -5.4525 -6
      vertex 7.4 -12.7685 -6
      vertex 5 -7.19399 -6
    endloop
  endfacet
  facet normal -0 0 -1
    outer loop
      vertex 7.32798 1.02988 -6
      vertex 4.95134 0.695865 -6
      vertex 7.23829 1.53855 -6
    endloop
  endfacet
  facet normal 0 0 -1
    outer loop
      vertex 4.89074 1.03956 -6
      vertex 7.23829 1.53855 -6
      vertex 4.95134 0.695865 -6
    endloop
  endfacet
  facet normal -0 0 -1
    outer loop
      vertex 7.23829 1.53855 -6
      vertex 4.89074 1.03956 -6
      vertex 7.11334 2.03972 -6
    endloop
  endfacet
  facet normal 0 0 -1
    outer loop
      vertex 4.80631 1.37819 -6
      vertex 7.11334 2.03972 -6
      vertex 4.89074 1.03956 -6
    endloop
  endfacet
  facet normal -0 0 -1
    outer loop
      vertex 7.11334 2.03972 -6
      vertex 4.80631 1.37819 -6
      vertex 6.95372 2.53095 -6
    endloop
  endfacet
  facet normal -0 0 -1
    outer loop
      vertex 7.4 -12.7685 -6
      vertex 5 -16 -6
      vertex 5 -8.80601 -6
    endloop
  endfacet
  facet normal 0 0 -1
    outer loop
      vertex 7.4 -12.7685 -6
      vertex 5 -8.80601 -6
      vertex 5 -7.19399 -6
    endloop
  endfacet
  facet normal 0 0 -1
    outer loop
      vertex 4.95134 0.695865 -6
      vertex 7.32798 1.02988 -6
      vertex 4.98782 0.348782 -6
    endloop
  endfacet
  facet normal 0 0 -1
    outer loop
      vertex 4.69846 1.7101 -6
      vertex 6.95372 2.53095 -6
      vertex 4.80631 1.37819 -6
    endloop
  endfacet
  facet normal -0 0 -1
    outer loop
      vertex 6.95372 2.53095 -6
      vertex 4.69846 1.7101 -6
      vertex 6.76024 3.00985 -6
    endloop
  endfacet
  facet normal 0 0 -1
    outer loop
      vertex 4.56773 2.03368 -6
      vertex 6.76024 3.00985 -6
      vertex 4.69846 1.7101 -6
    endloop
  endfacet
  facet normal -0 0 -1
    outer loop
      vertex 6.76024 3.00985 -6
      vertex 4.56773 2.03368 -6
      vertex 6.53381 3.47409 -6
    endloop
  endfacet
  facet normal 0 0 -1
    outer loop
      vertex 4.41474 2.34736 -6
      vertex 6.53381 3.47409 -6
      vertex 4.56773 2.03368 -6
    endloop
  endfacet
  facet normal -0 0 -1
    outer loop
      vertex 6.53381 3.47409 -6
      vertex 4.41474 2.34736 -6
      vertex 6.27556 3.9214 -6
    endloop
  endfacet
  facet normal 0 0 -1
    outer loop
      vertex 4.24024 2.6496 -6
      vertex 6.27556 3.9214 -6
      vertex 4.41474 2.34736 -6
    endloop
  endfacet
  facet normal -0 0 -1
    outer loop
      vertex 6.27556 3.9214 -6
      vertex 4.24024 2.6496 -6
      vertex 5.98672 4.34961 -6
    endloop
  endfacet
  facet normal 0 0 -1
    outer loop
      vertex 4.04508 2.93893 -6
      vertex 5.98672 4.34961 -6
      vertex 4.24024 2.6496 -6
    endloop
  endfacet
  facet normal -0 0 -1
    outer loop
      vertex 5.98672 4.34961 -6
      vertex 4.04508 2.93893 -6
      vertex 5.66873 4.75663 -6
    endloop
  endfacet
  facet normal 0 0 -1
    outer loop
      vertex 3.83022 3.21394 -6
      vertex 5.66873 4.75663 -6
      vertex 4.04508 2.93893 -6
    endloop
  endfacet
  facet normal -0 0 -1
    outer loop
      vertex 5.66873 4.75663 -6
      vertex 3.83022 3.21394 -6
      vertex 5.32311 5.14047 -6
    endloop
  endfacet
  facet normal 0 0 -1
    outer loop
      vertex 3.5967 3.47329 -6
      vertex 5.32311 5.14047 -6
      vertex 3.83022 3.21394 -6
    endloop
  endfacet
  facet normal -0 0 -1
    outer loop
      vertex 5.32311 5.14047 -6
      vertex 3.5967 3.47329 -6
      vertex 4.95157 5.49927 -6
    endloop
  endfacet
  facet normal 0 0 -1
    outer loop
      vertex 3.34565 3.71572 -6
      vertex 4.95157 5.49927 -6
      vertex 3.5967 3.47329 -6
    endloop
  endfacet
  facet normal -0 0 -1
    outer loop
      vertex 4.95157 5.49927 -6
      vertex 3.34565 3.71572 -6
      vertex 4.55589 5.83128 -6
    endloop
  endfacet
  facet normal 0 0 -1
    outer loop
      vertex 3.07831 3.94005 -6
      vertex 4.55589 5.83128 -6
      vertex 3.34565 3.71572 -6
    endloop
  endfacet
  facet normal -0 0 -1
    outer loop
      vertex 4.55589 5.83128 -6
      vertex 3.07831 3.94005 -6
      vertex 4.13803 6.13488 -6
    endloop
  endfacet
  facet normal 0 0 -1
    outer loop
      vertex 2.79596 4.14519 -6
      vertex 4.13803 6.13488 -6
      vertex 3.07831 3.94005 -6
    endloop
  endfacet
  facet normal -0 0 -1
    outer loop
      vertex 4.13803 6.13488 -6
      vertex 2.79596 4.14519 -6
      vertex 3.7 6.40859 -6
    endloop
  endfacet
  facet normal 0 0 -1
    outer loop
      vertex 2.5 4.33013 -6
      vertex 3.7 6.40859 -6
      vertex 2.79596 4.14519 -6
    endloop
  endfacet
  facet normal -0 0 -1
    outer loop
      vertex 3.7 6.40859 -6
      vertex 2.5 4.33013 -6
      vertex 3.24395 6.65108 -6
    endloop
  endfacet
  facet normal 0 0 -1
    outer loop
      vertex 2.19186 4.49397 -6
      vertex 3.24395 6.65108 -6
      vertex 2.5 4.33013 -6
    endloop
  endfacet
  facet normal -0 0 -1
    outer loop
      vertex 3.24395 6.65108 -6
      vertex 2.19186 4.49397 -6
      vertex 2.77209 6.86116 -6
    endloop
  endfacet
  facet normal 0 0 -1
    outer loop
      vertex 1.87303 4.63592 -6
      vertex 2.77209 6.86116 -6
      vertex 2.19186 4.49397 -6
    endloop
  endfacet
  facet normal -0 0 -1
    outer loop
      vertex 2.77209 6.86116 -6
      vertex 1.87303 4.63592 -6
      vertex 2.28673 7.03782 -6
    endloop
  endfacet
  facet normal 0 0 -1
    outer loop
      vertex 1.54508 4.75528 -6
      vertex 2.28673 7.03782 -6
      vertex 1.87303 4.63592 -6
    endloop
  endfacet
  facet normal -0 0 -1
    outer loop
      vertex 2.28673 7.03782 -6
      vertex 1.54508 4.75528 -6
      vertex 1.79022 7.18019 -6
    endloop
  endfacet
  facet normal 0 0 -1
    outer loop
      vertex 1.20961 4.85148 -6
      vertex 1.79022 7.18019 -6
      vertex 1.54508 4.75528 -6
    endloop
  endfacet
  facet normal -0 0 -1
    outer loop
      vertex 1.79022 7.18019 -6
      vertex 1.20961 4.85148 -6
      vertex 1.285 7.28758 -6
    endloop
  endfacet
  facet normal 0 0 -1
    outer loop
      vertex 0.86824 4.92404 -6
      vertex 1.285 7.28758 -6
      vertex 1.20961 4.85148 -6
    endloop
  endfacet
  facet normal 0 0 -1
    outer loop
      vertex 0.86824 4.92404 -6
      vertex 0.77351 7.35946 -6
      vertex 1.285 7.28758 -6
    endloop
  endfacet
  facet normal 0 0 -1
    outer loop
      vertex 0.522642 4.97261 -6
      vertex 0.77351 7.35946 -6
      vertex 0.86824 4.92404 -6
    endloop
  endfacet
  facet normal 0 0 -1
    outer loop
      vertex 0.522642 4.97261 -6
      vertex 0.258256 7.39549 -6
      vertex 0.77351 7.35946 -6
    endloop
  endfacet
  facet normal 0 0 -1
    outer loop
      vertex 0.174497 4.99695 -6
      vertex 0.258256 7.39549 -6
      vertex 0.522642 4.97261 -6
    endloop
  endfacet
  facet normal 0 0 -1
    outer loop
      vertex -0.174497 4.99695 -6
      vertex 0.258256 7.39549 -6
      vertex 0.174497 4.99695 -6
    endloop
  endfacet
  facet normal 0 0 -1
    outer loop
      vertex -0.174497 4.99695 -6
      vertex -0.258256 7.39549 -6
      vertex 0.258256 7.39549 -6
    endloop
  endfacet
  facet normal 0 0 -1
    outer loop
      vertex -0.522642 4.97261 -6
      vertex -0.258256 7.39549 -6
      vertex -0.174497 4.99695 -6
    endloop
  endfacet
  facet normal 0 0 -1
    outer loop
      vertex -0.522642 4.97261 -6
      vertex -0.77351 7.35946 -6
      vertex -0.258256 7.39549 -6
    endloop
  endfacet
  facet normal 0 0 -1
    outer loop
      vertex -0.86824 4.92404 -6
      vertex -0.77351 7.35946 -6
      vertex -0.522642 4.97261 -6
    endloop
  endfacet
  facet normal 0 0 -1
    outer loop
      vertex -1.285 7.28758 -6
      vertex -0.86824 4.92404 -6
      vertex -1.20961 4.85148 -6
    endloop
  endfacet
  facet normal 0 0 -1
    outer loop
      vertex -0.86824 4.92404 -6
      vertex -1.285 7.28758 -6
      vertex -0.77351 7.35946 -6
    endloop
  endfacet
  facet normal 0 0 -1
    outer loop
      vertex -1.79022 7.18019 -6
      vertex -1.20961 4.85148 -6
      vertex -1.54508 4.75528 -6
    endloop
  endfacet
  facet normal 0 0 -1
    outer loop
      vertex -1.20961 4.85148 -6
      vertex -1.79022 7.18019 -6
      vertex -1.285 7.28758 -6
    endloop
  endfacet
  facet normal 0 0 -1
    outer loop
      vertex -2.28673 7.03782 -6
      vertex -1.54508 4.75528 -6
      vertex -1.87303 4.63592 -6
    endloop
  endfacet
  facet normal 0 0 -1
    outer loop
      vertex -2.77209 6.86116 -6
      vertex -1.87303 4.63592 -6
      vertex -2.19186 4.49397 -6
    endloop
  endfacet
  facet normal 0 0 -1
    outer loop
      vertex -1.54508 4.75528 -6
      vertex -2.28673 7.03782 -6
      vertex -1.79022 7.18019 -6
    endloop
  endfacet
  facet normal 0 0 -1
    outer loop
      vertex -3.24395 6.65108 -6
      vertex -2.19186 4.49397 -6
      vertex -2.5 4.33013 -6
    endloop
  endfacet
  facet normal 0 0 -1
    outer loop
      vertex -1.87303 4.63592 -6
      vertex -2.77209 6.86116 -6
      vertex -2.28673 7.03782 -6
    endloop
  endfacet
  facet normal 0 0 -1
    outer loop
      vertex -3.7 6.40859 -6
      vertex -2.5 4.33013 -6
      vertex -2.79596 4.14519 -6
    endloop
  endfacet
  facet normal 0 0 -1
    outer loop
      vertex -4.13803 6.13488 -6
      vertex -2.79596 4.14519 -6
      vertex -3.07831 3.94005 -6
    endloop
  endfacet
  facet normal 0 0 -1
    outer loop
      vertex -2.19186 4.49397 -6
      vertex -3.24395 6.65108 -6
      vertex -2.77209 6.86116 -6
    endloop
  endfacet
  facet normal 0 0 -1
    outer loop
      vertex -4.55589 5.83128 -6
      vertex -3.07831 3.94005 -6
      vertex -3.34565 3.71572 -6
    endloop
  endfacet
  facet normal 0 0 -1
    outer loop
      vertex -4.95157 5.49927 -6
      vertex -3.34565 3.71572 -6
      vertex -3.5967 3.47329 -6
    endloop
  endfacet
  facet normal 0 0 -1
    outer loop
      vertex -2.5 4.33013 -6
      vertex -3.7 6.40859 -6
      vertex -3.24395 6.65108 -6
    endloop
  endfacet
  facet normal 0 0 -1
    outer loop
      vertex -5.32311 5.14047 -6
      vertex -3.5967 3.47329 -6
      vertex -3.83022 3.21394 -6
    endloop
  endfacet
  facet normal 0 0 -1
    outer loop
      vertex -5.32311 5.14047 -6
      vertex -3.83022 3.21394 -6
      vertex -4.04508 2.93893 -6
    endloop
  endfacet
  facet normal 0 0 -1
    outer loop
      vertex -2.79596 4.14519 -6
      vertex -4.13803 6.13488 -6
      vertex -3.7 6.40859 -6
    endloop
  endfacet
  facet normal 0 0 -1
    outer loop
      vertex -5.32311 5.14047 -6
      vertex -4.04508 2.93893 -6
      vertex -4.24024 2.6496 -6
    endloop
  endfacet
  facet normal 0 0 -1
    outer loop
      vertex -5.32311 5.14047 -6
      vertex -4.24024 2.6496 -6
      vertex -4.41474 2.34736 -6
    endloop
  endfacet
  facet normal 0 0 -1
    outer loop
      vertex -3.07831 3.94005 -6
      vertex -4.55589 5.83128 -6
      vertex -4.13803 6.13488 -6
    endloop
  endfacet
  facet normal 0 0 -1
    outer loop
      vertex -5.32311 5.14047 -6
      vertex -4.41474 2.34736 -6
      vertex -4.56773 2.03368 -6
    endloop
  endfacet
  facet normal 0 0 -1
    outer loop
      vertex -5.32311 5.14047 -6
      vertex -4.56773 2.03368 -6
      vertex -4.69846 1.7101 -6
    endloop
  endfacet
  facet normal 0 0 -1
    outer loop
      vertex -5.32311 5.14047 -6
      vertex -4.69846 1.7101 -6
      vertex -4.80631 1.37819 -6
    endloop
  endfacet
  facet normal 0 0 -1
    outer loop
      vertex -5.32311 5.14047 -6
      vertex -4.80631 1.37819 -6
      vertex -4.89074 1.03956 -6
    endloop
  endfacet
  facet normal 0 0 -1
    outer loop
      vertex -5.32311 5.14047 -6
      vertex -4.89074 1.03956 -6
      vertex -4.95134 0.695865 -6
    endloop
  endfacet
  facet normal 0 0 -1
    outer loop
      vertex -3.34565 3.71572 -6
      vertex -4.95157 5.49927 -6
      vertex -4.55589 5.83128 -6
    endloop
  endfacet
  facet normal 0 0 -1
    outer loop
      vertex -5.32311 5.14047 -6
      vertex -4.95134 0.695865 -6
      vertex -4.98782 0.348782 -6
    endloop
  endfacet
  facet normal 0 0 -1
    outer loop
      vertex -5.32311 5.14047 -6
      vertex -4.98782 0.348782 -6
      vertex -5 0 -6
    endloop
  endfacet
  facet normal 0 0 -1
    outer loop
      vertex -3.5967 3.47329 -6
      vertex -5.32311 5.14047 -6
      vertex -4.95157 5.49927 -6
    endloop
  endfacet
  facet normal -0.82903 0.559204 0
    outer loop
      vertex -6.27556 3.9214 -6
      vertex -5.98672 4.34961 6
      vertex -5.98672 4.34961 -6
    endloop
  endfacet
  facet normal -0.82903 0.559204 0
    outer loop
      vertex -5.98672 4.34961 6
      vertex -6.27556 3.9214 -6
      vertex -6.27556 3.9214 6
    endloop
  endfacet
  facet normal -0.788019 0.615651 0
    outer loop
      vertex -5.98672 4.34961 -6
      vertex -5.66873 4.75663 6
      vertex -5.66873 4.75663 -6
    endloop
  endfacet
  facet normal -0.788019 0.615651 0
    outer loop
      vertex -5.66873 4.75663 6
      vertex -5.98672 4.34961 -6
      vertex -5.98672 4.34961 6
    endloop
  endfacet
  facet normal -0.743136 0.66914 0
    outer loop
      vertex -5.66873 4.75663 -6
      vertex -5.32311 5.14047 6
      vertex -5.32311 5.14047 -6
    endloop
  endfacet
  facet normal -0.743136 0.66914 0
    outer loop
      vertex -5.32311 5.14047 6
      vertex -5.66873 4.75663 -6
      vertex -5.66873 4.75663 6
    endloop
  endfacet
  facet normal -0.529917 -0.848049 0
    outer loop
      vertex -4.13803 -6.13488 -6
      vertex -3.7 -6.40859 6
      vertex -4.13803 -6.13488 6
    endloop
  endfacet
  facet normal -0.529917 -0.848049 -0
    outer loop
      vertex -3.7 -6.40859 6
      vertex -4.13803 -6.13488 -6
      vertex -3.7 -6.40859 -6
    endloop
  endfacet
  facet normal 0.275642 -0.96126 0
    outer loop
      vertex 2 -7.12004 -6
      vertex 2.28673 -7.03782 6
      vertex 2 -7.12004 6
    endloop
  endfacet
  facet normal 0.275642 -0.96126 0
    outer loop
      vertex 2.28673 -7.03782 6
      vertex 2 -7.12004 -6
      vertex 2.28673 -7.03782 -6
    endloop
  endfacet
  facet normal 0.342026 -0.939691 0
    outer loop
      vertex 2.28673 -7.03782 -6
      vertex 2.77209 -6.86116 6
      vertex 2.28673 -7.03782 6
    endloop
  endfacet
  facet normal 0.342026 -0.939691 0
    outer loop
      vertex 2.77209 -6.86116 6
      vertex 2.28673 -7.03782 -6
      vertex 2.77209 -6.86116 -6
    endloop
  endfacet
  facet normal 0.642782 -0.766049 0
    outer loop
      vertex 4.55589 -5.83128 -6
      vertex 4.95157 -5.49927 6
      vertex 4.55589 -5.83128 6
    endloop
  endfacet
  facet normal 0.642782 -0.766049 0
    outer loop
      vertex 4.95157 -5.49927 6
      vertex 4.55589 -5.83128 -6
      vertex 4.95157 -5.49927 -6
    endloop
  endfacet
  facet normal 0.529917 -0.848049 0
    outer loop
      vertex 3.7 -6.40859 -6
      vertex 4.13803 -6.13488 6
      vertex 3.7 -6.40859 6
    endloop
  endfacet
  facet normal 0.529917 -0.848049 0
    outer loop
      vertex 4.13803 -6.13488 6
      vertex 3.7 -6.40859 -6
      vertex 4.13803 -6.13488 -6
    endloop
  endfacet
  facet normal -0.342026 -0.939691 0
    outer loop
      vertex -2.77209 -6.86116 -6
      vertex -2.28673 -7.03782 6
      vertex -2.77209 -6.86116 6
    endloop
  endfacet
  facet normal -0.342026 -0.939691 -0
    outer loop
      vertex -2.28673 -7.03782 6
      vertex -2.77209 -6.86116 -6
      vertex -2.28673 -7.03782 -6
    endloop
  endfacet
  facet normal -0.469477 -0.882944 0
    outer loop
      vertex -3.7 -6.40859 -6
      vertex -3.24395 -6.65108 6
      vertex -3.7 -6.40859 6
    endloop
  endfacet
  facet normal -0.469477 -0.882944 -0
    outer loop
      vertex -3.24395 -6.65108 6
      vertex -3.7 -6.40859 -6
      vertex -3.24395 -6.65108 -6
    endloop
  endfacet
  facet normal -0.587794 -0.809011 0
    outer loop
      vertex -4.55589 -5.83128 -6
      vertex -4.13803 -6.13488 6
      vertex -4.55589 -5.83128 6
    endloop
  endfacet
  facet normal -0.587794 -0.809011 -0
    outer loop
      vertex -4.13803 -6.13488 6
      vertex -4.55589 -5.83128 -6
      vertex -4.13803 -6.13488 -6
    endloop
  endfacet
  facet normal 0.694671 -0.719327 0
    outer loop
      vertex 4.95157 -5.49927 -6
      vertex 5 -5.4525 6
      vertex 4.95157 -5.49927 6
    endloop
  endfacet
  facet normal 0.694671 -0.719327 0
    outer loop
      vertex 5 -5.4525 6
      vertex 4.95157 -5.49927 -6
      vertex 5 -5.4525 -6
    endloop
  endfacet
  facet normal 0.587794 -0.809011 0
    outer loop
      vertex 4.13803 -6.13488 -6
      vertex 4.55589 -5.83128 6
      vertex 4.13803 -6.13488 6
    endloop
  endfacet
  facet normal 0.587794 -0.809011 0
    outer loop
      vertex 4.55589 -5.83128 6
      vertex 4.13803 -6.13488 -6
      vertex 4.55589 -5.83128 -6
    endloop
  endfacet
  facet normal -0.406728 -0.913549 0
    outer loop
      vertex -3.24395 -6.65108 -6
      vertex -2.77209 -6.86116 6
      vertex -3.24395 -6.65108 6
    endloop
  endfacet
  facet normal -0.406728 -0.913549 -0
    outer loop
      vertex -2.77209 -6.86116 6
      vertex -3.24395 -6.65108 -6
      vertex -2.77209 -6.86116 -6
    endloop
  endfacet
  facet normal -0.642782 -0.766049 0
    outer loop
      vertex -4.95157 -5.49927 -6
      vertex -4.55589 -5.83128 6
      vertex -4.95157 -5.49927 6
    endloop
  endfacet
  facet normal -0.642782 -0.766049 -0
    outer loop
      vertex -4.55589 -5.83128 6
      vertex -4.95157 -5.49927 -6
      vertex -4.55589 -5.83128 -6
    endloop
  endfacet
  facet normal -0.275642 -0.96126 0
    outer loop
      vertex -2.28673 -7.03782 -6
      vertex -2 -7.12004 6
      vertex -2.28673 -7.03782 6
    endloop
  endfacet
  facet normal -0.275642 -0.96126 -0
    outer loop
      vertex -2 -7.12004 6
      vertex -2.28673 -7.03782 -6
      vertex -2 -7.12004 -6
    endloop
  endfacet
  facet normal -1 0 0
    outer loop
      vertex -7.4 -16 -6
      vertex -7.4 0 6
      vertex -7.4 0 -6
    endloop
  endfacet
  facet normal -1 -0 0
    outer loop
      vertex -7.4 0 6
      vertex -7.4 -16 -6
      vertex -7.4 -16 6
    endloop
  endfacet
  facet normal 1 -0 0
    outer loop
      vertex -5 -16 6
      vertex -5 -5.4525 -6
      vertex -5 -5.4525 6
    endloop
  endfacet
  facet normal 1 0 0
    outer loop
      vertex -5 -5.4525 -6
      vertex -5 -16 6
      vertex -5 -16 -6
    endloop
  endfacet
  facet normal 0 -1 0
    outer loop
      vertex -7.4 -16 -6
      vertex -5 -16 6
      vertex -7.4 -16 6
    endloop
  endfacet
  facet normal 0 -1 -0
    outer loop
      vertex -5 -16 6
      vertex -7.4 -16 -6
      vertex -5 -16 -6
    endloop
  endfacet
  facet normal -1 0 0
    outer loop
      vertex 5 -16 -6
      vertex 5 -8.80601 6
      vertex 5 -8.80601 -6
    endloop
  endfacet
  facet normal -1 -0 0
    outer loop
      vertex 5 -8.80601 6
      vertex 5 -16 -6
      vertex 5 -16 6
    endloop
  endfacet
  facet normal -1 0 0
    outer loop
      vertex 5 -7.19399 -6
      vertex 5 -5.4525 6
      vertex 5 -5.4525 -6
    endloop
  endfacet
  facet normal -1 -0 0
    outer loop
      vertex 5 -5.4525 6
      vertex 5 -7.19399 -6
      vertex 5 -7.19399 6
    endloop
  endfacet
  facet normal 1 -0 0
    outer loop
      vertex 7.4 -12.7685 6
      vertex 7.4 0 -6
      vertex 7.4 0 6
    endloop
  endfacet
  facet normal 1 0 0
    outer loop
      vertex 7.4 0 -6
      vertex 7.4 -12.7685 6
      vertex 7.4 -12.7685 -6
    endloop
  endfacet
  facet normal 0 -1 0
    outer loop
      vertex 5 -16 -6
      vertex 6.93528 -16 6
      vertex 5 -16 6
    endloop
  endfacet
  facet normal 0 -1 -0
    outer loop
      vertex 6.93528 -16 6
      vertex 5 -16 -6
      vertex 6.93528 -16 -6
    endloop
  endfacet
  facet normal 0.819152 0.573576 0
    outer loop
      vertex 9.83013 -15.95 6
      vertex 7.53583 -12.6734 -6
      vertex 7.53583 -12.6734 6
    endloop
  endfacet
  facet normal 0.819152 0.573576 0
    outer loop
      vertex 7.53583 -12.6734 -6
      vertex 9.83013 -15.95 6
      vertex 9.83013 -15.95 -6
    endloop
  endfacet
  facet normal -0.819154 -0.573574 0
    outer loop
      vertex 7.86417 -17.3266 -6
      vertex 6.93528 -16 6
      vertex 6.93528 -16 -6
    endloop
  endfacet
  facet normal -0.819154 -0.573574 0
    outer loop
      vertex 6.93528 -16 6
      vertex 7.86417 -17.3266 -6
      vertex 7.86417 -17.3266 6
    endloop
  endfacet
  facet normal 0.573582 -0.819148 0
    outer loop
      vertex 7.86417 -17.3266 -6
      vertex 9.83013 -15.95 6
      vertex 7.86417 -17.3266 6
    endloop
  endfacet
  facet normal 0.573582 -0.819148 0
    outer loop
      vertex 9.83013 -15.95 6
      vertex 7.86417 -17.3266 -6
      vertex 9.83013 -15.95 -6
    endloop
  endfacet
  facet normal -0.573539 0.819178 0
    outer loop
      vertex 7.53583 -12.6734 -6
      vertex 7.4 -12.7685 6
      vertex 7.53583 -12.6734 6
    endloop
  endfacet
  facet normal -0.573539 0.819178 0
    outer loop
      vertex 7.4 -12.7685 6
      vertex 7.53583 -12.6734 -6
      vertex 7.4 -12.7685 -6
    endloop
  endfacet
  facet normal -0.999391 -0.0349003 0
    outer loop
      vertex 5 0 -6
      vertex 4.98782 0.348782 6
      vertex 4.98782 0.348782 -6
    endloop
  endfacet
  facet normal -0.999391 -0.0349003 0
    outer loop
      vertex 4.98782 0.348782 6
      vertex 5 0 -6
      vertex 5 0 6
    endloop
  endfacet
  facet normal 0.999391 -0.0349003 0
    outer loop
      vertex -5 0 6
      vertex -4.98782 0.348782 -6
      vertex -4.98782 0.348782 6
    endloop
  endfacet
  facet normal 0.999391 -0.0349003 0
    outer loop
      vertex -4.98782 0.348782 -6
      vertex -5 0 6
      vertex -5 0 -6
    endloop
  endfacet
  facet normal 0 -1 0
    outer loop
      vertex -0.174497 4.99695 -6
      vertex 0.174497 4.99695 6
      vertex -0.174497 4.99695 6
    endloop
  endfacet
  facet normal 0 -1 -0
    outer loop
      vertex 0.174497 4.99695 6
      vertex -0.174497 4.99695 -6
      vertex 0.174497 4.99695 -6
    endloop
  endfacet
  facet normal -0.694649 -0.719349 0
    outer loop
      vertex 3.34565 3.71572 -6
      vertex 3.5967 3.47329 6
      vertex 3.34565 3.71572 6
    endloop
  endfacet
  facet normal -0.694649 -0.719349 -0
    outer loop
      vertex 3.5967 3.47329 6
      vertex 3.34565 3.71572 -6
      vertex 3.5967 3.47329 -6
    endloop
  endfacet
  facet normal 0.694649 -0.719349 0
    outer loop
      vertex -3.5967 3.47329 -6
      vertex -3.34565 3.71572 6
      vertex -3.5967 3.47329 6
    endloop
  endfacet
  facet normal 0.694649 -0.719349 0
    outer loop
      vertex -3.34565 3.71572 6
      vertex -3.5967 3.47329 -6
      vertex -3.34565 3.71572 -6
    endloop
  endfacet
  facet normal -0.898796 -0.438367 0
    outer loop
      vertex 4.56773 2.03368 -6
      vertex 4.41474 2.34736 6
      vertex 4.41474 2.34736 -6
    endloop
  endfacet
  facet normal -0.898796 -0.438367 0
    outer loop
      vertex 4.41474 2.34736 6
      vertex 4.56773 2.03368 -6
      vertex 4.56773 2.03368 6
    endloop
  endfacet
  facet normal -0.529927 -0.848043 0
    outer loop
      vertex 2.5 4.33013 -6
      vertex 2.79596 4.14519 6
      vertex 2.5 4.33013 6
    endloop
  endfacet
  facet normal -0.529927 -0.848043 -0
    outer loop
      vertex 2.79596 4.14519 6
      vertex 2.5 4.33013 -6
      vertex 2.79596 4.14519 -6
    endloop
  endfacet
  facet normal 0.829032 -0.559202 0
    outer loop
      vertex -4.24024 2.6496 6
      vertex -4.04508 2.93893 -6
      vertex -4.04508 2.93893 6
    endloop
  endfacet
  facet normal 0.829032 -0.559202 0
    outer loop
      vertex -4.04508 2.93893 -6
      vertex -4.24024 2.6496 6
      vertex -4.24024 2.6496 -6
    endloop
  endfacet
  facet normal 0.788013 -0.615659 0
    outer loop
      vertex -4.04508 2.93893 6
      vertex -3.83022 3.21394 -6
      vertex -3.83022 3.21394 6
    endloop
  endfacet
  facet normal 0.788013 -0.615659 0
    outer loop
      vertex -3.83022 3.21394 -6
      vertex -4.04508 2.93893 6
      vertex -4.04508 2.93893 -6
    endloop
  endfacet
  facet normal 0.139171 -0.990268 0
    outer loop
      vertex -0.86824 4.92404 -6
      vertex -0.522642 4.97261 6
      vertex -0.86824 4.92404 6
    endloop
  endfacet
  facet normal 0.139171 -0.990268 0
    outer loop
      vertex -0.522642 4.97261 6
      vertex -0.86824 4.92404 -6
      vertex -0.522642 4.97261 -6
    endloop
  endfacet
  facet normal -0.970296 -0.241922 0
    outer loop
      vertex 4.89074 1.03956 -6
      vertex 4.80631 1.37819 6
      vertex 4.80631 1.37819 -6
    endloop
  endfacet
  facet normal -0.970296 -0.241922 0
    outer loop
      vertex 4.80631 1.37819 6
      vertex 4.89074 1.03956 -6
      vertex 4.89074 1.03956 6
    endloop
  endfacet
  facet normal -0.788013 -0.615659 0
    outer loop
      vertex 4.04508 2.93893 -6
      vertex 3.83022 3.21394 6
      vertex 3.83022 3.21394 -6
    endloop
  endfacet
  facet normal -0.788013 -0.615659 0
    outer loop
      vertex 3.83022 3.21394 6
      vertex 4.04508 2.93893 -6
      vertex 4.04508 2.93893 6
    endloop
  endfacet
  facet normal -0.743145 -0.669131 0
    outer loop
      vertex 3.83022 3.21394 -6
      vertex 3.5967 3.47329 6
      vertex 3.5967 3.47329 -6
    endloop
  endfacet
  facet normal -0.743145 -0.669131 0
    outer loop
      vertex 3.5967 3.47329 6
      vertex 3.83022 3.21394 -6
      vertex 3.83022 3.21394 6
    endloop
  endfacet
  facet normal -0.207911 -0.978148 0
    outer loop
      vertex 0.86824 4.92404 -6
      vertex 1.20961 4.85148 6
      vertex 0.86824 4.92404 6
    endloop
  endfacet
  facet normal -0.207911 -0.978148 -0
    outer loop
      vertex 1.20961 4.85148 6
      vertex 0.86824 4.92404 -6
      vertex 1.20961 4.85148 -6
    endloop
  endfacet
  facet normal -0.275652 -0.961258 0
    outer loop
      vertex 1.20961 4.85148 -6
      vertex 1.54508 4.75528 6
      vertex 1.20961 4.85148 6
    endloop
  endfacet
  facet normal -0.275652 -0.961258 -0
    outer loop
      vertex 1.54508 4.75528 6
      vertex 1.20961 4.85148 -6
      vertex 1.54508 4.75528 -6
    endloop
  endfacet
  facet normal -0.406731 -0.913548 0
    outer loop
      vertex 1.87303 4.63592 -6
      vertex 2.19186 4.49397 6
      vertex 1.87303 4.63592 6
    endloop
  endfacet
  facet normal -0.406731 -0.913548 -0
    outer loop
      vertex 2.19186 4.49397 6
      vertex 1.87303 4.63592 -6
      vertex 2.19186 4.49397 -6
    endloop
  endfacet
  facet normal -0.587787 -0.809016 0
    outer loop
      vertex 2.79596 4.14519 -6
      vertex 3.07831 3.94005 6
      vertex 2.79596 4.14519 6
    endloop
  endfacet
  facet normal -0.587787 -0.809016 -0
    outer loop
      vertex 3.07831 3.94005 6
      vertex 2.79596 4.14519 -6
      vertex 3.07831 3.94005 -6
    endloop
  endfacet
  facet normal 0.898796 -0.438367 0
    outer loop
      vertex -4.56773 2.03368 6
      vertex -4.41474 2.34736 -6
      vertex -4.41474 2.34736 6
    endloop
  endfacet
  facet normal 0.898796 -0.438367 0
    outer loop
      vertex -4.41474 2.34736 -6
      vertex -4.56773 2.03368 6
      vertex -4.56773 2.03368 -6
    endloop
  endfacet
  facet normal 0.970296 -0.241922 0
    outer loop
      vertex -4.89074 1.03956 6
      vertex -4.80631 1.37819 -6
      vertex -4.80631 1.37819 6
    endloop
  endfacet
  facet normal 0.970296 -0.241922 0
    outer loop
      vertex -4.80631 1.37819 -6
      vertex -4.89074 1.03956 6
      vertex -4.89074 1.03956 -6
    endloop
  endfacet
  facet normal 0.927189 -0.374595 0
    outer loop
      vertex -4.69846 1.7101 6
      vertex -4.56773 2.03368 -6
      vertex -4.56773 2.03368 6
    endloop
  endfacet
  facet normal 0.927189 -0.374595 0
    outer loop
      vertex -4.56773 2.03368 -6
      vertex -4.69846 1.7101 6
      vertex -4.69846 1.7101 -6
    endloop
  endfacet
  facet normal 0.984809 -0.173641 0
    outer loop
      vertex -4.95134 0.695865 6
      vertex -4.89074 1.03956 -6
      vertex -4.89074 1.03956 6
    endloop
  endfacet
  facet normal 0.984809 -0.173641 0
    outer loop
      vertex -4.89074 1.03956 -6
      vertex -4.95134 0.695865 6
      vertex -4.95134 0.695865 -6
    endloop
  endfacet
  facet normal 0.469469 -0.882949 0
    outer loop
      vertex -2.5 4.33013 -6
      vertex -2.19186 4.49397 6
      vertex -2.5 4.33013 6
    endloop
  endfacet
  facet normal 0.469469 -0.882949 0
    outer loop
      vertex -2.19186 4.49397 6
      vertex -2.5 4.33013 -6
      vertex -2.19186 4.49397 -6
    endloop
  endfacet
  facet normal 0.529927 -0.848043 0
    outer loop
      vertex -2.79596 4.14519 -6
      vertex -2.5 4.33013 6
      vertex -2.79596 4.14519 6
    endloop
  endfacet
  facet normal 0.529927 -0.848043 0
    outer loop
      vertex -2.5 4.33013 6
      vertex -2.79596 4.14519 -6
      vertex -2.5 4.33013 -6
    endloop
  endfacet
  facet normal 0.642796 -0.766037 0
    outer loop
      vertex -3.34565 3.71572 -6
      vertex -3.07831 3.94005 6
      vertex -3.34565 3.71572 6
    endloop
  endfacet
  facet normal 0.642796 -0.766037 0
    outer loop
      vertex -3.07831 3.94005 6
      vertex -3.34565 3.71572 -6
      vertex -3.07831 3.94005 -6
    endloop
  endfacet
  facet normal 0.34201 -0.939696 0
    outer loop
      vertex -1.87303 4.63592 -6
      vertex -1.54508 4.75528 6
      vertex -1.87303 4.63592 6
    endloop
  endfacet
  facet normal 0.34201 -0.939696 0
    outer loop
      vertex -1.54508 4.75528 6
      vertex -1.87303 4.63592 -6
      vertex -1.54508 4.75528 -6
    endloop
  endfacet
  facet normal 0.0697432 -0.997565 0
    outer loop
      vertex -0.522642 4.97261 -6
      vertex -0.174497 4.99695 6
      vertex -0.522642 4.97261 6
    endloop
  endfacet
  facet normal 0.0697432 -0.997565 0
    outer loop
      vertex -0.174497 4.99695 6
      vertex -0.522642 4.97261 -6
      vertex -0.174497 4.99695 -6
    endloop
  endfacet
  facet normal -0.951052 0.309032 0
    outer loop
      vertex 4.69846 -1.7101 -6
      vertex 4.80631 -1.37819 6
      vertex 4.80631 -1.37819 -6
    endloop
  endfacet
  facet normal -0.951052 0.309032 0
    outer loop
      vertex 4.80631 -1.37819 6
      vertex 4.69846 -1.7101 -6
      vertex 4.69846 -1.7101 6
    endloop
  endfacet
  facet normal -0.984809 -0.173641 0
    outer loop
      vertex 4.95134 0.695865 -6
      vertex 4.89074 1.03956 6
      vertex 4.89074 1.03956 -6
    endloop
  endfacet
  facet normal -0.984809 -0.173641 0
    outer loop
      vertex 4.89074 1.03956 6
      vertex 4.95134 0.695865 -6
      vertex 4.95134 0.695865 6
    endloop
  endfacet
  facet normal -0.994522 -0.104529 0
    outer loop
      vertex 4.98782 0.348782 -6
      vertex 4.95134 0.695865 6
      vertex 4.95134 0.695865 -6
    endloop
  endfacet
  facet normal -0.994522 -0.104529 0
    outer loop
      vertex 4.95134 0.695865 6
      vertex 4.98782 0.348782 -6
      vertex 4.98782 0.348782 6
    endloop
  endfacet
  facet normal -0.951052 -0.309032 0
    outer loop
      vertex 4.80631 1.37819 -6
      vertex 4.69846 1.7101 6
      vertex 4.69846 1.7101 -6
    endloop
  endfacet
  facet normal -0.951052 -0.309032 0
    outer loop
      vertex 4.69846 1.7101 6
      vertex 4.80631 1.37819 -6
      vertex 4.80631 1.37819 6
    endloop
  endfacet
  facet normal -0.927189 -0.374595 0
    outer loop
      vertex 4.69846 1.7101 -6
      vertex 4.56773 2.03368 6
      vertex 4.56773 2.03368 -6
    endloop
  endfacet
  facet normal -0.927189 -0.374595 0
    outer loop
      vertex 4.56773 2.03368 6
      vertex 4.69846 1.7101 -6
      vertex 4.69846 1.7101 6
    endloop
  endfacet
  facet normal -0.829032 -0.559202 0
    outer loop
      vertex 4.24024 2.6496 -6
      vertex 4.04508 2.93893 6
      vertex 4.04508 2.93893 -6
    endloop
  endfacet
  facet normal -0.829032 -0.559202 0
    outer loop
      vertex 4.04508 2.93893 6
      vertex 4.24024 2.6496 -6
      vertex 4.24024 2.6496 6
    endloop
  endfacet
  facet normal -0.866023 -0.500004 0
    outer loop
      vertex 4.41474 2.34736 -6
      vertex 4.24024 2.6496 6
      vertex 4.24024 2.6496 -6
    endloop
  endfacet
  facet normal -0.866023 -0.500004 0
    outer loop
      vertex 4.24024 2.6496 6
      vertex 4.41474 2.34736 -6
      vertex 4.41474 2.34736 6
    endloop
  endfacet
  facet normal -0.139171 -0.990268 0
    outer loop
      vertex 0.522642 4.97261 -6
      vertex 0.86824 4.92404 6
      vertex 0.522642 4.97261 6
    endloop
  endfacet
  facet normal -0.139171 -0.990268 -0
    outer loop
      vertex 0.86824 4.92404 6
      vertex 0.522642 4.97261 -6
      vertex 0.86824 4.92404 -6
    endloop
  endfacet
  facet normal -0.0697432 -0.997565 0
    outer loop
      vertex 0.174497 4.99695 -6
      vertex 0.522642 4.97261 6
      vertex 0.174497 4.99695 6
    endloop
  endfacet
  facet normal -0.0697432 -0.997565 -0
    outer loop
      vertex 0.522642 4.97261 6
      vertex 0.174497 4.99695 -6
      vertex 0.522642 4.97261 -6
    endloop
  endfacet
  facet normal -0.34201 -0.939696 0
    outer loop
      vertex 1.54508 4.75528 -6
      vertex 1.87303 4.63592 6
      vertex 1.54508 4.75528 6
    endloop
  endfacet
  facet normal -0.34201 -0.939696 -0
    outer loop
      vertex 1.87303 4.63592 6
      vertex 1.54508 4.75528 -6
      vertex 1.87303 4.63592 -6
    endloop
  endfacet
  facet normal -0.469469 -0.882949 0
    outer loop
      vertex 2.19186 4.49397 -6
      vertex 2.5 4.33013 6
      vertex 2.19186 4.49397 6
    endloop
  endfacet
  facet normal -0.469469 -0.882949 -0
    outer loop
      vertex 2.5 4.33013 6
      vertex 2.19186 4.49397 -6
      vertex 2.5 4.33013 -6
    endloop
  endfacet
  facet normal -0.642796 -0.766037 0
    outer loop
      vertex 3.07831 3.94005 -6
      vertex 3.34565 3.71572 6
      vertex 3.07831 3.94005 6
    endloop
  endfacet
  facet normal -0.642796 -0.766037 -0
    outer loop
      vertex 3.34565 3.71572 6
      vertex 3.07831 3.94005 -6
      vertex 3.34565 3.71572 -6
    endloop
  endfacet
  facet normal 0.743145 -0.669131 0
    outer loop
      vertex -3.83022 3.21394 6
      vertex -3.5967 3.47329 -6
      vertex -3.5967 3.47329 6
    endloop
  endfacet
  facet normal 0.743145 -0.669131 0
    outer loop
      vertex -3.5967 3.47329 -6
      vertex -3.83022 3.21394 6
      vertex -3.83022 3.21394 -6
    endloop
  endfacet
  facet normal 0.866023 -0.500004 0
    outer loop
      vertex -4.41474 2.34736 6
      vertex -4.24024 2.6496 -6
      vertex -4.24024 2.6496 6
    endloop
  endfacet
  facet normal 0.866023 -0.500004 0
    outer loop
      vertex -4.24024 2.6496 -6
      vertex -4.41474 2.34736 6
      vertex -4.41474 2.34736 -6
    endloop
  endfacet
  facet normal 0.951052 -0.309032 0
    outer loop
      vertex -4.80631 1.37819 6
      vertex -4.69846 1.7101 -6
      vertex -4.69846 1.7101 6
    endloop
  endfacet
  facet normal 0.951052 -0.309032 0
    outer loop
      vertex -4.69846 1.7101 -6
      vertex -4.80631 1.37819 6
      vertex -4.80631 1.37819 -6
    endloop
  endfacet
  facet normal 0.994522 -0.104529 0
    outer loop
      vertex -4.98782 0.348782 6
      vertex -4.95134 0.695865 -6
      vertex -4.95134 0.695865 6
    endloop
  endfacet
  facet normal 0.994522 -0.104529 0
    outer loop
      vertex -4.95134 0.695865 -6
      vertex -4.98782 0.348782 6
      vertex -4.98782 0.348782 -6
    endloop
  endfacet
  facet normal 0.587787 -0.809016 0
    outer loop
      vertex -3.07831 3.94005 -6
      vertex -2.79596 4.14519 6
      vertex -3.07831 3.94005 6
    endloop
  endfacet
  facet normal 0.587787 -0.809016 0
    outer loop
      vertex -2.79596 4.14519 6
      vertex -3.07831 3.94005 -6
      vertex -2.79596 4.14519 -6
    endloop
  endfacet
  facet normal 0.406731 -0.913548 0
    outer loop
      vertex -2.19186 4.49397 -6
      vertex -1.87303 4.63592 6
      vertex -2.19186 4.49397 6
    endloop
  endfacet
  facet normal 0.406731 -0.913548 0
    outer loop
      vertex -1.87303 4.63592 6
      vertex -2.19186 4.49397 -6
      vertex -1.87303 4.63592 -6
    endloop
  endfacet
  facet normal 0.275652 -0.961258 0
    outer loop
      vertex -1.54508 4.75528 -6
      vertex -1.20961 4.85148 6
      vertex -1.54508 4.75528 6
    endloop
  endfacet
  facet normal 0.275652 -0.961258 0
    outer loop
      vertex -1.20961 4.85148 6
      vertex -1.54508 4.75528 -6
      vertex -1.20961 4.85148 -6
    endloop
  endfacet
  facet normal 0.207911 -0.978148 0
    outer loop
      vertex -1.20961 4.85148 -6
      vertex -0.86824 4.92404 6
      vertex -1.20961 4.85148 6
    endloop
  endfacet
  facet normal 0.207911 -0.978148 0
    outer loop
      vertex -0.86824 4.92404 6
      vertex -1.20961 4.85148 -6
      vertex -0.86824 4.92404 -6
    endloop
  endfacet
  facet normal -0.999391 0.0349003 0
    outer loop
      vertex 4.98782 -0.348782 -6
      vertex 5 0 6
      vertex 5 0 -6
    endloop
  endfacet
  facet normal -0.999391 0.0349003 0
    outer loop
      vertex 5 0 6
      vertex 4.98782 -0.348782 -6
      vertex 4.98782 -0.348782 6
    endloop
  endfacet
  facet normal -0.927189 0.374595 0
    outer loop
      vertex 4.56773 -2.03368 -6
      vertex 4.69846 -1.7101 6
      vertex 4.69846 -1.7101 -6
    endloop
  endfacet
  facet normal -0.927189 0.374595 0
    outer loop
      vertex 4.69846 -1.7101 6
      vertex 4.56773 -2.03368 -6
      vertex 4.56773 -2.03368 6
    endloop
  endfacet
  facet normal -0.984809 0.173641 0
    outer loop
      vertex 4.89074 -1.03956 -6
      vertex 4.95134 -0.695865 6
      vertex 4.95134 -0.695865 -6
    endloop
  endfacet
  facet normal -0.984809 0.173641 0
    outer loop
      vertex 4.95134 -0.695865 6
      vertex 4.89074 -1.03956 -6
      vertex 4.89074 -1.03956 6
    endloop
  endfacet
  facet normal -0.994522 0.104529 0
    outer loop
      vertex 4.95134 -0.695865 -6
      vertex 4.98782 -0.348782 6
      vertex 4.98782 -0.348782 -6
    endloop
  endfacet
  facet normal -0.994522 0.104529 0
    outer loop
      vertex 4.98782 -0.348782 6
      vertex 4.95134 -0.695865 -6
      vertex 4.95134 -0.695865 6
    endloop
  endfacet
  facet normal -0.898796 0.438367 0
    outer loop
      vertex 4.41474 -2.34736 -6
      vertex 4.56773 -2.03368 6
      vertex 4.56773 -2.03368 -6
    endloop
  endfacet
  facet normal -0.898796 0.438367 0
    outer loop
      vertex 4.56773 -2.03368 6
      vertex 4.41474 -2.34736 -6
      vertex 4.41474 -2.34736 6
    endloop
  endfacet
  facet normal -0.788013 0.615659 0
    outer loop
      vertex 3.83022 -3.21394 -6
      vertex 4.04508 -2.93893 6
      vertex 4.04508 -2.93893 -6
    endloop
  endfacet
  facet normal -0.788013 0.615659 0
    outer loop
      vertex 4.04508 -2.93893 6
      vertex 3.83022 -3.21394 -6
      vertex 3.83022 -3.21394 6
    endloop
  endfacet
  facet normal 0.788013 0.615659 0
    outer loop
      vertex -3.83022 -3.21394 6
      vertex -4.04508 -2.93893 -6
      vertex -4.04508 -2.93893 6
    endloop
  endfacet
  facet normal 0.788013 0.615659 0
    outer loop
      vertex -4.04508 -2.93893 -6
      vertex -3.83022 -3.21394 6
      vertex -3.83022 -3.21394 -6
    endloop
  endfacet
  facet normal 0.927189 0.374595 0
    outer loop
      vertex -4.56773 -2.03368 6
      vertex -4.69846 -1.7101 -6
      vertex -4.69846 -1.7101 6
    endloop
  endfacet
  facet normal 0.927189 0.374595 0
    outer loop
      vertex -4.69846 -1.7101 -6
      vertex -4.56773 -2.03368 6
      vertex -4.56773 -2.03368 -6
    endloop
  endfacet
  facet normal -0.40673 0.913548 0
    outer loop
      vertex 2.19186 -4.49397 -6
      vertex 2 -4.57939 6
      vertex 2.19186 -4.49397 6
    endloop
  endfacet
  facet normal -0.40673 0.913548 0
    outer loop
      vertex 2 -4.57939 6
      vertex 2.19186 -4.49397 -6
      vertex 2 -4.57939 -6
    endloop
  endfacet
  facet normal -0.970296 0.241922 0
    outer loop
      vertex 4.80631 -1.37819 -6
      vertex 4.89074 -1.03956 6
      vertex 4.89074 -1.03956 -6
    endloop
  endfacet
  facet normal -0.970296 0.241922 0
    outer loop
      vertex 4.89074 -1.03956 6
      vertex 4.80631 -1.37819 -6
      vertex 4.80631 -1.37819 6
    endloop
  endfacet
  facet normal -0.694649 0.719349 0
    outer loop
      vertex 3.5967 -3.47329 -6
      vertex 3.34565 -3.71572 6
      vertex 3.5967 -3.47329 6
    endloop
  endfacet
  facet normal -0.694649 0.719349 0
    outer loop
      vertex 3.34565 -3.71572 6
      vertex 3.5967 -3.47329 -6
      vertex 3.34565 -3.71572 -6
    endloop
  endfacet
  facet normal -0.743145 0.669131 0
    outer loop
      vertex 3.5967 -3.47329 -6
      vertex 3.83022 -3.21394 6
      vertex 3.83022 -3.21394 -6
    endloop
  endfacet
  facet normal -0.743145 0.669131 0
    outer loop
      vertex 3.83022 -3.21394 6
      vertex 3.5967 -3.47329 -6
      vertex 3.5967 -3.47329 6
    endloop
  endfacet
  facet normal -0.469469 0.882949 0
    outer loop
      vertex 2.5 -4.33013 -6
      vertex 2.19186 -4.49397 6
      vertex 2.5 -4.33013 6
    endloop
  endfacet
  facet normal -0.469469 0.882949 0
    outer loop
      vertex 2.19186 -4.49397 6
      vertex 2.5 -4.33013 -6
      vertex 2.19186 -4.49397 -6
    endloop
  endfacet
  facet normal -0.642796 0.766037 0
    outer loop
      vertex 3.34565 -3.71572 -6
      vertex 3.07831 -3.94005 6
      vertex 3.34565 -3.71572 6
    endloop
  endfacet
  facet normal -0.642796 0.766037 0
    outer loop
      vertex 3.07831 -3.94005 6
      vertex 3.34565 -3.71572 -6
      vertex 3.07831 -3.94005 -6
    endloop
  endfacet
  facet normal -0.587787 0.809016 0
    outer loop
      vertex 3.07831 -3.94005 -6
      vertex 2.79596 -4.14519 6
      vertex 3.07831 -3.94005 6
    endloop
  endfacet
  facet normal -0.587787 0.809016 0
    outer loop
      vertex 2.79596 -4.14519 6
      vertex 3.07831 -3.94005 -6
      vertex 2.79596 -4.14519 -6
    endloop
  endfacet
  facet normal -0.829032 0.559202 0
    outer loop
      vertex 4.04508 -2.93893 -6
      vertex 4.24024 -2.6496 6
      vertex 4.24024 -2.6496 -6
    endloop
  endfacet
  facet normal -0.829032 0.559202 0
    outer loop
      vertex 4.24024 -2.6496 6
      vertex 4.04508 -2.93893 -6
      vertex 4.04508 -2.93893 6
    endloop
  endfacet
  facet normal -0.866023 0.500004 0
    outer loop
      vertex 4.24024 -2.6496 -6
      vertex 4.41474 -2.34736 6
      vertex 4.41474 -2.34736 -6
    endloop
  endfacet
  facet normal -0.866023 0.500004 0
    outer loop
      vertex 4.41474 -2.34736 6
      vertex 4.24024 -2.6496 -6
      vertex 4.24024 -2.6496 6
    endloop
  endfacet
  facet normal 0.642796 0.766037 -0
    outer loop
      vertex -3.07831 -3.94005 -6
      vertex -3.34565 -3.71572 6
      vertex -3.07831 -3.94005 6
    endloop
  endfacet
  facet normal 0.642796 0.766037 0
    outer loop
      vertex -3.34565 -3.71572 6
      vertex -3.07831 -3.94005 -6
      vertex -3.34565 -3.71572 -6
    endloop
  endfacet
  facet normal 0.743145 0.669131 0
    outer loop
      vertex -3.5967 -3.47329 6
      vertex -3.83022 -3.21394 -6
      vertex -3.83022 -3.21394 6
    endloop
  endfacet
  facet normal 0.743145 0.669131 0
    outer loop
      vertex -3.83022 -3.21394 -6
      vertex -3.5967 -3.47329 6
      vertex -3.5967 -3.47329 -6
    endloop
  endfacet
  facet normal 0.829032 0.559202 0
    outer loop
      vertex -4.04508 -2.93893 6
      vertex -4.24024 -2.6496 -6
      vertex -4.24024 -2.6496 6
    endloop
  endfacet
  facet normal 0.829032 0.559202 0
    outer loop
      vertex -4.24024 -2.6496 -6
      vertex -4.04508 -2.93893 6
      vertex -4.04508 -2.93893 -6
    endloop
  endfacet
  facet normal 0.898796 0.438367 0
    outer loop
      vertex -4.41474 -2.34736 6
      vertex -4.56773 -2.03368 -6
      vertex -4.56773 -2.03368 6
    endloop
  endfacet
  facet normal 0.898796 0.438367 0
    outer loop
      vertex -4.56773 -2.03368 -6
      vertex -4.41474 -2.34736 6
      vertex -4.41474 -2.34736 -6
    endloop
  endfacet
  facet normal 0.984809 0.173641 0
    outer loop
      vertex -4.89074 -1.03956 6
      vertex -4.95134 -0.695865 -6
      vertex -4.95134 -0.695865 6
    endloop
  endfacet
  facet normal 0.984809 0.173641 0
    outer loop
      vertex -4.95134 -0.695865 -6
      vertex -4.89074 -1.03956 6
      vertex -4.89074 -1.03956 -6
    endloop
  endfacet
  facet normal 0.999391 0.0349003 0
    outer loop
      vertex -4.98782 -0.348782 6
      vertex -5 0 -6
      vertex -5 0 6
    endloop
  endfacet
  facet normal 0.999391 0.0349003 0
    outer loop
      vertex -5 0 -6
      vertex -4.98782 -0.348782 6
      vertex -4.98782 -0.348782 -6
    endloop
  endfacet
  facet normal -0.529927 0.848043 0
    outer loop
      vertex 2.79596 -4.14519 -6
      vertex 2.5 -4.33013 6
      vertex 2.79596 -4.14519 6
    endloop
  endfacet
  facet normal -0.529927 0.848043 0
    outer loop
      vertex 2.5 -4.33013 6
      vertex 2.79596 -4.14519 -6
      vertex 2.5 -4.33013 -6
    endloop
  endfacet
  facet normal 0.40673 0.913548 -0
    outer loop
      vertex -2 -4.57939 -6
      vertex -2.19186 -4.49397 6
      vertex -2 -4.57939 6
    endloop
  endfacet
  facet normal 0.40673 0.913548 0
    outer loop
      vertex -2.19186 -4.49397 6
      vertex -2 -4.57939 -6
      vertex -2.19186 -4.49397 -6
    endloop
  endfacet
  facet normal 0.469469 0.882949 -0
    outer loop
      vertex -2.19186 -4.49397 -6
      vertex -2.5 -4.33013 6
      vertex -2.19186 -4.49397 6
    endloop
  endfacet
  facet normal 0.469469 0.882949 0
    outer loop
      vertex -2.5 -4.33013 6
      vertex -2.19186 -4.49397 -6
      vertex -2.5 -4.33013 -6
    endloop
  endfacet
  facet normal 0.529927 0.848043 -0
    outer loop
      vertex -2.5 -4.33013 -6
      vertex -2.79596 -4.14519 6
      vertex -2.5 -4.33013 6
    endloop
  endfacet
  facet normal 0.529927 0.848043 0
    outer loop
      vertex -2.79596 -4.14519 6
      vertex -2.5 -4.33013 -6
      vertex -2.79596 -4.14519 -6
    endloop
  endfacet
  facet normal 0.694649 0.719349 -0
    outer loop
      vertex -3.34565 -3.71572 -6
      vertex -3.5967 -3.47329 6
      vertex -3.34565 -3.71572 6
    endloop
  endfacet
  facet normal 0.694649 0.719349 0
    outer loop
      vertex -3.5967 -3.47329 6
      vertex -3.34565 -3.71572 -6
      vertex -3.5967 -3.47329 -6
    endloop
  endfacet
  facet normal 0.866023 0.500004 0
    outer loop
      vertex -4.24024 -2.6496 6
      vertex -4.41474 -2.34736 -6
      vertex -4.41474 -2.34736 6
    endloop
  endfacet
  facet normal 0.866023 0.500004 0
    outer loop
      vertex -4.41474 -2.34736 -6
      vertex -4.24024 -2.6496 6
      vertex -4.24024 -2.6496 -6
    endloop
  endfacet
  facet normal 0.951052 0.309032 0
    outer loop
      vertex -4.69846 -1.7101 6
      vertex -4.80631 -1.37819 -6
      vertex -4.80631 -1.37819 6
    endloop
  endfacet
  facet normal 0.951052 0.309032 0
    outer loop
      vertex -4.80631 -1.37819 -6
      vertex -4.69846 -1.7101 6
      vertex -4.69846 -1.7101 -6
    endloop
  endfacet
  facet normal 0.970296 0.241922 0
    outer loop
      vertex -4.80631 -1.37819 6
      vertex -4.89074 -1.03956 -6
      vertex -4.89074 -1.03956 6
    endloop
  endfacet
  facet normal 0.970296 0.241922 0
    outer loop
      vertex -4.89074 -1.03956 -6
      vertex -4.80631 -1.37819 6
      vertex -4.80631 -1.37819 -6
    endloop
  endfacet
  facet normal 0.994522 0.104529 0
    outer loop
      vertex -4.95134 -0.695865 6
      vertex -4.98782 -0.348782 -6
      vertex -4.98782 -0.348782 6
    endloop
  endfacet
  facet normal 0.994522 0.104529 0
    outer loop
      vertex -4.98782 -0.348782 -6
      vertex -4.95134 -0.695865 6
      vertex -4.95134 -0.695865 -6
    endloop
  endfacet
  facet normal 0.587787 0.809016 -0
    outer loop
      vertex -2.79596 -4.14519 -6
      vertex -3.07831 -3.94005 6
      vertex -2.79596 -4.14519 6
    endloop
  endfacet
  facet normal 0.587787 0.809016 0
    outer loop
      vertex -3.07831 -3.94005 6
      vertex -2.79596 -4.14519 -6
      vertex -3.07831 -3.94005 -6
    endloop
  endfacet
  facet normal 1 -0 0
    outer loop
      vertex -2 -7.12004 6
      vertex -2 -4.57939 -6
      vertex -2 -4.57939 6
    endloop
  endfacet
  facet normal 1 0 0
    outer loop
      vertex -2 -4.57939 -6
      vertex -2 -7.12004 6
      vertex -2 -7.12004 -6
    endloop
  endfacet
  facet normal -1 0 0
    outer loop
      vertex 2 -7.12004 -6
      vertex 2 -4.57939 6
      vertex 2 -4.57939 -6
    endloop
  endfacet
  facet normal -1 -0 0
    outer loop
      vertex 2 -4.57939 6
      vertex 2 -7.12004 -6
      vertex 2 -7.12004 6
    endloop
  endfacet
  facet normal -0.743152 0.669123 0
    outer loop
      vertex 4.71056 -7.42149 -6
      vertex 4.75259 -7.37481 6
      vertex 4.75259 -7.37481 -6
    endloop
  endfacet
  facet normal -0.743152 0.669123 0
    outer loop
      vertex 4.75259 -7.37481 6
      vertex 4.71056 -7.42149 -6
      vertex 4.71056 -7.42149 6
    endloop
  endfacet
  facet normal -0.97032 -0.241824 0
    outer loop
      vertex 4.53486 -8.24807 -6
      vertex 4.51967 -8.18712 6
      vertex 4.51967 -8.18712 -6
    endloop
  endfacet
  facet normal -0.97032 -0.241824 0
    outer loop
      vertex 4.51967 -8.18712 6
      vertex 4.53486 -8.24807 -6
      vertex 4.53486 -8.24807 6
    endloop
  endfacet
  facet normal -0.898778 0.438405 0
    outer loop
      vertex 4.57781 -7.63394 -6
      vertex 4.60535 -7.57748 6
      vertex 4.60535 -7.57748 -6
    endloop
  endfacet
  facet normal -0.898778 0.438405 0
    outer loop
      vertex 4.60535 -7.57748 6
      vertex 4.57781 -7.63394 -6
      vertex 4.57781 -7.63394 6
    endloop
  endfacet
  facet normal -0.86605 0.499957 0
    outer loop
      vertex 4.60535 -7.57748 -6
      vertex 4.63676 -7.52307 6
      vertex 4.63676 -7.52307 -6
    endloop
  endfacet
  facet normal -0.86605 0.499957 0
    outer loop
      vertex 4.63676 -7.52307 6
      vertex 4.60535 -7.57748 -6
      vertex 4.60535 -7.57748 6
    endloop
  endfacet
  facet normal -0.743152 -0.669123 0
    outer loop
      vertex 4.75259 -8.62519 -6
      vertex 4.71056 -8.57851 6
      vertex 4.71056 -8.57851 -6
    endloop
  endfacet
  facet normal -0.743152 -0.669123 0
    outer loop
      vertex 4.71056 -8.57851 6
      vertex 4.75259 -8.62519 -6
      vertex 4.75259 -8.62519 6
    endloop
  endfacet
  facet normal -0.984801 0.173685 0
    outer loop
      vertex 4.50876 -7.87474 -6
      vertex 4.51967 -7.81288 6
      vertex 4.51967 -7.81288 -6
    endloop
  endfacet
  facet normal -0.984801 0.173685 0
    outer loop
      vertex 4.51967 -7.81288 6
      vertex 4.50876 -7.87474 -6
      vertex 4.50876 -7.87474 6
    endloop
  endfacet
  facet normal -0.8291 0.559101 0
    outer loop
      vertex 4.63676 -7.52307 -6
      vertex 4.67188 -7.47099 6
      vertex 4.67188 -7.47099 -6
    endloop
  endfacet
  facet normal -0.8291 0.559101 0
    outer loop
      vertex 4.67188 -7.47099 6
      vertex 4.63676 -7.52307 -6
      vertex 4.63676 -7.52307 6
    endloop
  endfacet
  facet normal -0.97032 0.241824 0
    outer loop
      vertex 4.51967 -7.81288 -6
      vertex 4.53486 -7.75193 6
      vertex 4.53486 -7.75193 -6
    endloop
  endfacet
  facet normal -0.97032 0.241824 0
    outer loop
      vertex 4.53486 -7.75193 6
      vertex 4.51967 -7.81288 -6
      vertex 4.51967 -7.81288 6
    endloop
  endfacet
  facet normal -0.999392 0.0348625 0
    outer loop
      vertex 4.5 -8 -6
      vertex 4.50219 -7.93722 6
      vertex 4.50219 -7.93722 -6
    endloop
  endfacet
  facet normal -0.999392 0.0348625 0
    outer loop
      vertex 4.50219 -7.93722 6
      vertex 4.5 -8 -6
      vertex 4.5 -8 6
    endloop
  endfacet
  facet normal -0.529956 0.848025 0
    outer loop
      vertex 4.95 -7.22058 -6
      vertex 4.89673 -7.25387 6
      vertex 4.95 -7.22058 6
    endloop
  endfacet
  facet normal -0.529956 0.848025 0
    outer loop
      vertex 4.89673 -7.25387 6
      vertex 4.95 -7.22058 -6
      vertex 4.89673 -7.25387 -6
    endloop
  endfacet
  facet normal -0.587679 0.809094 0
    outer loop
      vertex 4.89673 -7.25387 -6
      vertex 4.8459 -7.29079 6
      vertex 4.89673 -7.25387 6
    endloop
  endfacet
  facet normal -0.587679 0.809094 0
    outer loop
      vertex 4.8459 -7.29079 6
      vertex 4.89673 -7.25387 -6
      vertex 4.8459 -7.29079 -6
    endloop
  endfacet
  facet normal -0.642811 0.766025 0
    outer loop
      vertex 4.8459 -7.29079 -6
      vertex 4.79778 -7.33117 6
      vertex 4.8459 -7.29079 6
    endloop
  endfacet
  facet normal -0.642811 0.766025 0
    outer loop
      vertex 4.79778 -7.33117 6
      vertex 4.8459 -7.29079 -6
      vertex 4.79778 -7.33117 -6
    endloop
  endfacet
  facet normal -0.642811 -0.766025 0
    outer loop
      vertex 4.79778 -8.66883 -6
      vertex 4.8459 -8.70921 6
      vertex 4.79778 -8.66883 6
    endloop
  endfacet
  facet normal -0.642811 -0.766025 -0
    outer loop
      vertex 4.8459 -8.70921 6
      vertex 4.79778 -8.66883 -6
      vertex 4.8459 -8.70921 -6
    endloop
  endfacet
  facet normal -0.587679 -0.809094 0
    outer loop
      vertex 4.8459 -8.70921 -6
      vertex 4.89673 -8.74613 6
      vertex 4.8459 -8.70921 6
    endloop
  endfacet
  facet normal -0.587679 -0.809094 -0
    outer loop
      vertex 4.89673 -8.74613 6
      vertex 4.8459 -8.70921 -6
      vertex 4.89673 -8.74613 -6
    endloop
  endfacet
  facet normal -0.8291 -0.559101 0
    outer loop
      vertex 4.67188 -8.52901 -6
      vertex 4.63676 -8.47693 6
      vertex 4.63676 -8.47693 -6
    endloop
  endfacet
  facet normal -0.8291 -0.559101 0
    outer loop
      vertex 4.63676 -8.47693 6
      vertex 4.67188 -8.52901 -6
      vertex 4.67188 -8.52901 6
    endloop
  endfacet
  facet normal -0.787962 -0.615724 0
    outer loop
      vertex 4.71056 -8.57851 -6
      vertex 4.67188 -8.52901 6
      vertex 4.67188 -8.52901 -6
    endloop
  endfacet
  facet normal -0.787962 -0.615724 0
    outer loop
      vertex 4.67188 -8.52901 6
      vertex 4.71056 -8.57851 -6
      vertex 4.71056 -8.57851 6
    endloop
  endfacet
  facet normal -0.951028 -0.309104 0
    outer loop
      vertex 4.55428 -8.30782 -6
      vertex 4.53486 -8.24807 6
      vertex 4.53486 -8.24807 -6
    endloop
  endfacet
  facet normal -0.951028 -0.309104 0
    outer loop
      vertex 4.53486 -8.24807 6
      vertex 4.55428 -8.30782 -6
      vertex 4.55428 -8.30782 6
    endloop
  endfacet
  facet normal -0.994517 -0.104577 0
    outer loop
      vertex 4.50876 -8.12526 -6
      vertex 4.50219 -8.06278 6
      vertex 4.50219 -8.06278 -6
    endloop
  endfacet
  facet normal -0.994517 -0.104577 0
    outer loop
      vertex 4.50219 -8.06278 6
      vertex 4.50876 -8.12526 -6
      vertex 4.50876 -8.12526 6
    endloop
  endfacet
  facet normal -0.951028 0.309104 0
    outer loop
      vertex 4.53486 -7.75193 -6
      vertex 4.55428 -7.69218 6
      vertex 4.55428 -7.69218 -6
    endloop
  endfacet
  facet normal -0.951028 0.309104 0
    outer loop
      vertex 4.55428 -7.69218 6
      vertex 4.53486 -7.75193 -6
      vertex 4.53486 -7.75193 6
    endloop
  endfacet
  facet normal -0.994517 0.104577 0
    outer loop
      vertex 4.50219 -7.93722 -6
      vertex 4.50876 -7.87474 6
      vertex 4.50876 -7.87474 -6
    endloop
  endfacet
  facet normal -0.994517 0.104577 0
    outer loop
      vertex 4.50876 -7.87474 6
      vertex 4.50219 -7.93722 -6
      vertex 4.50219 -7.93722 6
    endloop
  endfacet
  facet normal -0.999392 -0.0348625 0
    outer loop
      vertex 4.50219 -8.06278 -6
      vertex 4.5 -8 6
      vertex 4.5 -8 -6
    endloop
  endfacet
  facet normal -0.999392 -0.0348625 0
    outer loop
      vertex 4.5 -8 6
      vertex 4.50219 -8.06278 -6
      vertex 4.50219 -8.06278 6
    endloop
  endfacet
  facet normal -0.469534 0.882914 0
    outer loop
      vertex 5 -7.19399 -6
      vertex 4.95 -7.22058 6
      vertex 5 -7.19399 6
    endloop
  endfacet
  facet normal -0.469534 0.882914 0
    outer loop
      vertex 4.95 -7.22058 6
      vertex 5 -7.19399 -6
      vertex 4.95 -7.22058 -6
    endloop
  endfacet
  facet normal -0.694663 0.719336 0
    outer loop
      vertex 4.79778 -7.33117 -6
      vertex 4.75259 -7.37481 6
      vertex 4.79778 -7.33117 6
    endloop
  endfacet
  facet normal -0.694663 0.719336 0
    outer loop
      vertex 4.75259 -7.37481 6
      vertex 4.79778 -7.33117 -6
      vertex 4.75259 -7.37481 -6
    endloop
  endfacet
  facet normal -0.529956 -0.848025 0
    outer loop
      vertex 4.89673 -8.74613 -6
      vertex 4.95 -8.77942 6
      vertex 4.89673 -8.74613 6
    endloop
  endfacet
  facet normal -0.529956 -0.848025 -0
    outer loop
      vertex 4.95 -8.77942 6
      vertex 4.89673 -8.74613 -6
      vertex 4.95 -8.77942 -6
    endloop
  endfacet
  facet normal -0.469534 -0.882914 0
    outer loop
      vertex 4.95 -8.77942 -6
      vertex 5 -8.80601 6
      vertex 4.95 -8.77942 6
    endloop
  endfacet
  facet normal -0.469534 -0.882914 -0
    outer loop
      vertex 5 -8.80601 6
      vertex 4.95 -8.77942 -6
      vertex 5 -8.80601 -6
    endloop
  endfacet
  facet normal -0.694663 -0.719336 0
    outer loop
      vertex 4.75259 -8.62519 -6
      vertex 4.79778 -8.66883 6
      vertex 4.75259 -8.62519 6
    endloop
  endfacet
  facet normal -0.694663 -0.719336 -0
    outer loop
      vertex 4.79778 -8.66883 6
      vertex 4.75259 -8.62519 -6
      vertex 4.79778 -8.66883 -6
    endloop
  endfacet
  facet normal -0.898778 -0.438405 0
    outer loop
      vertex 4.60535 -8.42252 -6
      vertex 4.57781 -8.36606 6
      vertex 4.57781 -8.36606 -6
    endloop
  endfacet
  facet normal -0.898778 -0.438405 0
    outer loop
      vertex 4.57781 -8.36606 6
      vertex 4.60535 -8.42252 -6
      vertex 4.60535 -8.42252 6
    endloop
  endfacet
  facet normal -0.86605 -0.499957 0
    outer loop
      vertex 4.63676 -8.47693 -6
      vertex 4.60535 -8.42252 6
      vertex 4.60535 -8.42252 -6
    endloop
  endfacet
  facet normal -0.86605 -0.499957 0
    outer loop
      vertex 4.60535 -8.42252 6
      vertex 4.63676 -8.47693 -6
      vertex 4.63676 -8.47693 6
    endloop
  endfacet
  facet normal -0.927187 -0.3746 0
    outer loop
      vertex 4.57781 -8.36606 -6
      vertex 4.55428 -8.30782 6
      vertex 4.55428 -8.30782 -6
    endloop
  endfacet
  facet normal -0.927187 -0.3746 0
    outer loop
      vertex 4.55428 -8.30782 6
      vertex 4.57781 -8.36606 -6
      vertex 4.57781 -8.36606 6
    endloop
  endfacet
  facet normal -0.984801 -0.173685 0
    outer loop
      vertex 4.51967 -8.18712 -6
      vertex 4.50876 -8.12526 6
      vertex 4.50876 -8.12526 -6
    endloop
  endfacet
  facet normal -0.984801 -0.173685 0
    outer loop
      vertex 4.50876 -8.12526 6
      vertex 4.51967 -8.18712 -6
      vertex 4.51967 -8.18712 6
    endloop
  endfacet
  facet normal -0.787962 0.615724 0
    outer loop
      vertex 4.67188 -7.47099 -6
      vertex 4.71056 -7.42149 6
      vertex 4.71056 -7.42149 -6
    endloop
  endfacet
  facet normal -0.787962 0.615724 0
    outer loop
      vertex 4.71056 -7.42149 6
      vertex 4.67188 -7.47099 -6
      vertex 4.67188 -7.47099 6
    endloop
  endfacet
  facet normal -0.927187 0.3746 0
    outer loop
      vertex 4.55428 -7.69218 -6
      vertex 4.57781 -7.63394 6
      vertex 4.57781 -7.63394 -6
    endloop
  endfacet
  facet normal -0.927187 0.3746 0
    outer loop
      vertex 4.57781 -7.63394 6
      vertex 4.55428 -7.69218 -6
      vertex 4.55428 -7.69218 6
    endloop
  endfacet
  facet normal 0 0.0348962 -0.999391
    outer loop
      vertex -9.4 -6.5 -14
      vertex -7.2 -5.52341 -13.9659
      vertex -7.2 -6.5 -14
    endloop
  endfacet
  facet normal 0 0.0348962 -0.999391
    outer loop
      vertex -7.2 -5.52341 -13.9659
      vertex -9.4 -6.5 -14
      vertex -9.4 -5.52341 -13.9659
    endloop
  endfacet
  facet normal -0 0.0348962 0.999391
    outer loop
      vertex -9.4 -5.52341 13.9659
      vertex -7.2 -6.5 14
      vertex -7.2 -5.52341 13.9659
    endloop
  endfacet
  facet normal 0 0.0348962 0.999391
    outer loop
      vertex -7.2 -6.5 14
      vertex -9.4 -5.52341 13.9659
      vertex -9.4 -6.5 14
    endloop
  endfacet
  facet normal 0 1 -0
    outer loop
      vertex -7.2 7.49147 -0.488592
      vertex -9.4 7.49147 0.488592
      vertex -7.2 7.49147 0.488592
    endloop
  endfacet
  facet normal 0 1 0
    outer loop
      vertex -9.4 7.49147 0.488592
      vertex -7.2 7.49147 -0.488592
      vertex -9.4 7.49147 -0.488592
    endloop
  endfacet
  facet normal 0 -1 0
    outer loop
      vertex -9.4 -20.4915 -0.488592
      vertex -7.2 -20.4915 0.488592
      vertex -9.4 -20.4915 0.488592
    endloop
  endfacet
  facet normal 0 -1 -0
    outer loop
      vertex -7.2 -20.4915 0.488592
      vertex -9.4 -20.4915 -0.488592
      vertex -7.2 -20.4915 -0.488592
    endloop
  endfacet
  facet normal 0 0.71936 -0.694637
    outer loop
      vertex -7.2 3.22522 -10.0708
      vertex -9.4 3.90403 -9.36783
      vertex -7.2 3.90403 -9.36783
    endloop
  endfacet
  facet normal 0 0.71936 -0.694637
    outer loop
      vertex -9.4 3.90403 -9.36783
      vertex -7.2 3.22522 -10.0708
      vertex -9.4 3.22522 -10.0708
    endloop
  endfacet
  facet normal 0 0.71936 0.694637
    outer loop
      vertex -7.2 3.90403 9.36783
      vertex -9.4 3.22522 10.0708
      vertex -7.2 3.22522 10.0708
    endloop
  endfacet
  facet normal 0 0.71936 0.694637
    outer loop
      vertex -9.4 3.22522 10.0708
      vertex -7.2 3.90403 9.36783
      vertex -9.4 3.90403 9.36783
    endloop
  endfacet
  facet normal 0 0.438313 -0.898822
    outer loop
      vertex -9.4 -0.805688 -12.7896
      vertex -7.2 0.0726013 -12.3613
      vertex -7.2 -0.805688 -12.7896
    endloop
  endfacet
  facet normal 0 0.438313 -0.898822
    outer loop
      vertex -7.2 0.0726013 -12.3613
      vertex -9.4 -0.805688 -12.7896
      vertex -9.4 0.0726013 -12.3613
    endloop
  endfacet
  facet normal 0 0.913549 -0.406728
    outer loop
      vertex -7.2 6.08312 -6.1372
      vertex -9.4 6.48057 -5.24449
      vertex -7.2 6.48057 -5.24449
    endloop
  endfacet
  facet normal 0 0.913549 -0.406728
    outer loop
      vertex -9.4 6.48057 -5.24449
      vertex -7.2 6.08312 -6.1372
      vertex -9.4 6.08312 -6.1372
    endloop
  endfacet
  facet normal 0 0.809015 -0.587788
    outer loop
      vertex -7.2 4.53215 -8.61926
      vertex -9.4 5.10653 -7.8287
      vertex -7.2 5.10653 -7.8287
    endloop
  endfacet
  facet normal 0 0.809015 -0.587788
    outer loop
      vertex -9.4 5.10653 -7.8287
      vertex -7.2 4.53215 -8.61926
      vertex -9.4 4.53215 -8.61926
    endloop
  endfacet
  facet normal -0 0.500005 0.866022
    outer loop
      vertex -9.4 0.918869 11.8727
      vertex -7.2 0.0726013 12.3613
      vertex -7.2 0.918869 11.8727
    endloop
  endfacet
  facet normal 0 0.500005 0.866022
    outer loop
      vertex -7.2 0.0726013 12.3613
      vertex -9.4 0.918869 11.8727
      vertex -9.4 0.0726013 12.3613
    endloop
  endfacet
  facet normal -0 0.55924 0.829006
    outer loop
      vertex -9.4 1.72899 11.3262
      vertex -7.2 0.918869 11.8727
      vertex -7.2 1.72899 11.3262
    endloop
  endfacet
  facet normal 0 0.55924 0.829006
    outer loop
      vertex -7.2 0.918869 11.8727
      vertex -9.4 1.72899 11.3262
      vertex -9.4 0.918869 11.8727
    endloop
  endfacet
  facet normal 0 -0.91353 -0.406771
    outer loop
      vertex -9.4 -19.0831 -6.1372
      vertex -7.2 -19.4806 -5.24449
      vertex -9.4 -19.4806 -5.24449
    endloop
  endfacet
  facet normal 0 -0.91353 -0.406771
    outer loop
      vertex -7.2 -19.4806 -5.24449
      vertex -9.4 -19.0831 -6.1372
      vertex -7.2 -19.0831 -6.1372
    endloop
  endfacet
  facet normal 0 0.241919 -0.970296
    outer loop
      vertex -9.4 -3.58924 -13.6941
      vertex -7.2 -2.64108 -13.4577
      vertex -7.2 -3.58924 -13.6941
    endloop
  endfacet
  facet normal 0 0.241919 -0.970296
    outer loop
      vertex -7.2 -2.64108 -13.4577
      vertex -9.4 -3.58924 -13.6941
      vertex -9.4 -2.64108 -13.4577
    endloop
  endfacet
  facet normal 0 0.309047 -0.951047
    outer loop
      vertex -9.4 -2.64108 -13.4577
      vertex -7.2 -1.71172 -13.1557
      vertex -7.2 -2.64108 -13.4577
    endloop
  endfacet
  facet normal 0 0.309047 -0.951047
    outer loop
      vertex -7.2 -1.71172 -13.1557
      vertex -9.4 -2.64108 -13.4577
      vertex -9.4 -1.71172 -13.1557
    endloop
  endfacet
  facet normal 0 0.55924 -0.829006
    outer loop
      vertex -9.4 0.918869 -11.8727
      vertex -7.2 1.72899 -11.3262
      vertex -7.2 0.918869 -11.8727
    endloop
  endfacet
  facet normal 0 0.55924 -0.829006
    outer loop
      vertex -7.2 1.72899 -11.3262
      vertex -9.4 0.918869 -11.8727
      vertex -9.4 1.72899 -11.3262
    endloop
  endfacet
  facet normal 0 0.500005 -0.866022
    outer loop
      vertex -9.4 0.0726013 -12.3613
      vertex -7.2 0.918869 -11.8727
      vertex -7.2 0.0726013 -12.3613
    endloop
  endfacet
  facet normal 0 0.500005 -0.866022
    outer loop
      vertex -7.2 0.918869 -11.8727
      vertex -9.4 0.0726013 -12.3613
      vertex -9.4 0.918869 -11.8727
    endloop
  endfacet
  facet normal 0 0.978148 -0.207912
    outer loop
      vertex -7.2 7.08414 -3.38691
      vertex -9.4 7.28731 -2.43107
      vertex -7.2 7.28731 -2.43107
    endloop
  endfacet
  facet normal 0 0.978148 -0.207912
    outer loop
      vertex -9.4 7.28731 -2.43107
      vertex -7.2 7.08414 -3.38691
      vertex -9.4 7.08414 -3.38691
    endloop
  endfacet
  facet normal 0 0.990268 -0.139176
    outer loop
      vertex -7.2 7.28731 -2.43107
      vertex -9.4 7.42331 -1.4634
      vertex -7.2 7.42331 -1.4634
    endloop
  endfacet
  facet normal 0 0.990268 -0.139176
    outer loop
      vertex -9.4 7.42331 -1.4634
      vertex -7.2 7.28731 -2.43107
      vertex -9.4 7.28731 -2.43107
    endloop
  endfacet
  facet normal 0 0.882947 -0.469472
    outer loop
      vertex -7.2 5.62436 -7
      vertex -9.4 6.08312 -6.1372
      vertex -7.2 6.08312 -6.1372
    endloop
  endfacet
  facet normal 0 0.882947 -0.469472
    outer loop
      vertex -9.4 6.08312 -6.1372
      vertex -7.2 5.62436 -7
      vertex -9.4 5.62436 -7
    endloop
  endfacet
  facet normal 0 0.766047 -0.642785
    outer loop
      vertex -7.2 3.90403 -9.36783
      vertex -9.4 4.53215 -8.61926
      vertex -7.2 4.53215 -8.61926
    endloop
  endfacet
  facet normal 0 0.766047 -0.642785
    outer loop
      vertex -9.4 4.53215 -8.61926
      vertex -7.2 3.90403 -9.36783
      vertex -9.4 3.90403 -9.36783
    endloop
  endfacet
  facet normal -0 0.241919 0.970296
    outer loop
      vertex -9.4 -2.64108 13.4577
      vertex -7.2 -3.58924 13.6941
      vertex -7.2 -2.64108 13.4577
    endloop
  endfacet
  facet normal 0 0.241919 0.970296
    outer loop
      vertex -7.2 -3.58924 13.6941
      vertex -9.4 -2.64108 13.4577
      vertex -9.4 -3.58924 13.6941
    endloop
  endfacet
  facet normal -0 0.309047 0.951047
    outer loop
      vertex -9.4 -1.71172 13.1557
      vertex -7.2 -2.64108 13.4577
      vertex -7.2 -1.71172 13.1557
    endloop
  endfacet
  facet normal 0 0.309047 0.951047
    outer loop
      vertex -7.2 -2.64108 13.4577
      vertex -9.4 -1.71172 13.1557
      vertex -9.4 -2.64108 13.4577
    endloop
  endfacet
  facet normal 1 0 0
    outer loop
      vertex -7.2 6.19226 0.443223
      vertex -7.2 7.49147 0.488592
      vertex -7.2 7.42331 1.4634
    endloop
  endfacet
  facet normal 1 0 0
    outer loop
      vertex -7.2 7.49147 0.488592
      vertex -7.2 6.19226 0.443223
      vertex -7.2 7.49147 -0.488592
    endloop
  endfacet
  facet normal 1 0 0
    outer loop
      vertex -7.2 6.13043 1.32751
      vertex -7.2 7.42331 1.4634
      vertex -7.2 7.28731 2.43107
    endloop
  endfacet
  facet normal 1 -0 0
    outer loop
      vertex -7.2 6.19226 -0.443223
      vertex -7.2 7.49147 -0.488592
      vertex -7.2 6.19226 0.443223
    endloop
  endfacet
  facet normal 1 0 0
    outer loop
      vertex -7.2 6.00706 2.20533
      vertex -7.2 7.28731 2.43107
      vertex -7.2 7.08414 3.38691
    endloop
  endfacet
  facet normal 1 0 0
    outer loop
      vertex -7.2 7.49147 -0.488592
      vertex -7.2 6.19226 -0.443223
      vertex -7.2 7.42331 -1.4634
    endloop
  endfacet
  facet normal 1 0 0
    outer loop
      vertex -7.2 5.82275 3.07241
      vertex -7.2 7.08414 3.38691
      vertex -7.2 6.81479 4.32624
    endloop
  endfacet
  facet normal 1 -0 0
    outer loop
      vertex -7.2 6.13043 -1.32751
      vertex -7.2 7.42331 -1.4634
      vertex -7.2 6.19226 -0.443223
    endloop
  endfacet
  facet normal 1 0 0
    outer loop
      vertex -7.2 5.57842 3.92452
      vertex -7.2 6.81479 4.32624
      vertex -7.2 6.48057 5.24449
    endloop
  endfacet
  facet normal 1 0 0
    outer loop
      vertex -7.2 7.42331 -1.4634
      vertex -7.2 6.13043 -1.32751
      vertex -7.2 7.28731 -2.43107
    endloop
  endfacet
  facet normal 1 -0 0
    outer loop
      vertex -7.2 6.00706 -2.20533
      vertex -7.2 7.28731 -2.43107
      vertex -7.2 6.13043 -1.32751
    endloop
  endfacet
  facet normal 1 0 0
    outer loop
      vertex -7.2 7.42331 1.4634
      vertex -7.2 6.13043 1.32751
      vertex -7.2 6.19226 0.443223
    endloop
  endfacet
  facet normal 1 0 0
    outer loop
      vertex -7.2 5.27523 4.7575
      vertex -7.2 6.48057 5.24449
      vertex -7.2 6.08312 6.1372
    endloop
  endfacet
  facet normal 1 0 0
    outer loop
      vertex -7.2 7.28731 2.43107
      vertex -7.2 6.00706 2.20533
      vertex -7.2 6.13043 1.32751
    endloop
  endfacet
  facet normal 1 0 0
    outer loop
      vertex -7.2 7.08414 3.38691
      vertex -7.2 5.82275 3.07241
      vertex -7.2 6.00706 2.20533
    endloop
  endfacet
  facet normal 1 0 0
    outer loop
      vertex -7.2 4.91468 5.56731
      vertex -7.2 6.08312 6.1372
      vertex -7.2 5.62436 7
    endloop
  endfacet
  facet normal 1 0 0
    outer loop
      vertex -7.2 6.81479 4.32624
      vertex -7.2 5.57842 3.92452
      vertex -7.2 5.82275 3.07241
    endloop
  endfacet
  facet normal 1 0 0
    outer loop
      vertex -7.2 6.48057 5.24449
      vertex -7.2 5.27523 4.7575
      vertex -7.2 5.57842 3.92452
    endloop
  endfacet
  facet normal 1 0 0
    outer loop
      vertex -7.2 4.49852 6.35
      vertex -7.2 5.62436 7
      vertex -7.2 5.10653 7.8287
    endloop
  endfacet
  facet normal 1 0 0
    outer loop
      vertex -7.2 6.08312 6.1372
      vertex -7.2 4.91468 5.56731
      vertex -7.2 5.27523 4.7575
    endloop
  endfacet
  facet normal 1 0 0
    outer loop
      vertex -7.2 4.02878 7.10175
      vertex -7.2 5.10653 7.8287
      vertex -7.2 4.53215 8.61926
    endloop
  endfacet
  facet normal 1 0 0
    outer loop
      vertex -7.2 5.62436 7
      vertex -7.2 4.49852 6.35
      vertex -7.2 4.91468 5.56731
    endloop
  endfacet
  facet normal 1 0 0
    outer loop
      vertex -7.2 5.10653 7.8287
      vertex -7.2 4.02878 7.10175
      vertex -7.2 4.49852 6.35
    endloop
  endfacet
  facet normal 1 0 0
    outer loop
      vertex -7.2 3.50774 7.8189
      vertex -7.2 4.53215 8.61926
      vertex -7.2 3.90403 9.36783
    endloop
  endfacet
  facet normal 1 0 0
    outer loop
      vertex -7.2 4.53215 8.61926
      vertex -7.2 3.50774 7.8189
      vertex -7.2 4.02878 7.10175
    endloop
  endfacet
  facet normal 1 0 0
    outer loop
      vertex -7.2 2.93794 8.49796
      vertex -7.2 3.90403 9.36783
      vertex -7.2 3.22522 10.0708
    endloop
  endfacet
  facet normal 1 0 0
    outer loop
      vertex -7.2 3.90403 9.36783
      vertex -7.2 2.93794 8.49796
      vertex -7.2 3.50774 7.8189
    endloop
  endfacet
  facet normal 1 0 0
    outer loop
      vertex -7.2 2.32216 9.13562
      vertex -7.2 3.22522 10.0708
      vertex -7.2 2.49903 10.7246
    endloop
  endfacet
  facet normal 1 0 0
    outer loop
      vertex -7.2 3.22522 10.0708
      vertex -7.2 2.32216 9.13562
      vertex -7.2 2.93794 8.49796
    endloop
  endfacet
  facet normal 1 0 0
    outer loop
      vertex -7.2 1.6634 9.72876
      vertex -7.2 2.49903 10.7246
      vertex -7.2 1.72899 11.3262
    endloop
  endfacet
  facet normal 1 0 0
    outer loop
      vertex -7.2 2.49903 10.7246
      vertex -7.2 1.6634 9.72876
      vertex -7.2 2.32216 9.13562
    endloop
  endfacet
  facet normal 1 0 0
    outer loop
      vertex -7.2 1.72899 11.3262
      vertex -7.2 0.964872 10.2745
      vertex -7.2 1.6634 9.72876
    endloop
  endfacet
  facet normal 1 0 0
    outer loop
      vertex -7.2 0.918869 11.8727
      vertex -7.2 0.964872 10.2745
      vertex -7.2 1.72899 11.3262
    endloop
  endfacet
  facet normal 1 0 0
    outer loop
      vertex -7.2 0.918869 11.8727
      vertex -7.2 0.229974 10.7702
      vertex -7.2 0.964872 10.2745
    endloop
  endfacet
  facet normal 1 0 0
    outer loop
      vertex -7.2 0.0726013 12.3613
      vertex -7.2 0.229974 10.7702
      vertex -7.2 0.918869 11.8727
    endloop
  endfacet
  facet normal 1 0 0
    outer loop
      vertex -7.2 0.0726013 12.3613
      vertex -7.2 -0.537712 11.2134
      vertex -7.2 0.229974 10.7702
    endloop
  endfacet
  facet normal 1 0 0
    outer loop
      vertex -7.2 -0.805688 12.7896
      vertex -7.2 -0.537712 11.2134
      vertex -7.2 0.0726013 12.3613
    endloop
  endfacet
  facet normal 1 0 0
    outer loop
      vertex -7.2 -0.805688 12.7896
      vertex -7.2 -1.33444 11.602
      vertex -7.2 -0.537712 11.2134
    endloop
  endfacet
  facet normal 1 0 0
    outer loop
      vertex -7.2 -1.71172 13.1557
      vertex -7.2 -1.33444 11.602
      vertex -7.2 -0.805688 12.7896
    endloop
  endfacet
  facet normal 1 0 0
    outer loop
      vertex -7.2 -1.71172 13.1557
      vertex -7.2 -2.15634 11.9341
      vertex -7.2 -1.33444 11.602
    endloop
  endfacet
  facet normal 1 0 0
    outer loop
      vertex -7.2 -2.64108 13.4577
      vertex -7.2 -2.15634 11.9341
      vertex -7.2 -1.71172 13.1557
    endloop
  endfacet
  facet normal 1 0 0
    outer loop
      vertex -7.2 -2.64108 13.4577
      vertex -7.2 -2.99941 12.208
      vertex -7.2 -2.15634 11.9341
    endloop
  endfacet
  facet normal 1 0 0
    outer loop
      vertex -7.2 -3.58924 13.6941
      vertex -7.2 -2.99941 12.208
      vertex -7.2 -2.64108 13.4577
    endloop
  endfacet
  facet normal 1 0 0
    outer loop
      vertex -7.2 -3.58924 13.6941
      vertex -7.2 -3.85952 12.4225
      vertex -7.2 -2.99941 12.208
    endloop
  endfacet
  facet normal 1 0 0
    outer loop
      vertex -7.2 -4.55158 13.8638
      vertex -7.2 -3.85952 12.4225
      vertex -7.2 -3.58924 13.6941
    endloop
  endfacet
  facet normal 1 0 0
    outer loop
      vertex -7.2 -4.55158 13.8638
      vertex -7.2 -4.7325 12.5764
      vertex -7.2 -3.85952 12.4225
    endloop
  endfacet
  facet normal 1 0 0
    outer loop
      vertex -7.2 -5.52341 13.9659
      vertex -7.2 -4.7325 12.5764
      vertex -7.2 -4.55158 13.8638
    endloop
  endfacet
  facet normal 1 0 0
    outer loop
      vertex -7.2 -5.52341 13.9659
      vertex -7.2 -5.61409 12.6691
      vertex -7.2 -4.7325 12.5764
    endloop
  endfacet
  facet normal 1 0 0
    outer loop
      vertex -7.2 -6.5 14
      vertex -7.2 -5.61409 12.6691
      vertex -7.2 -5.52341 13.9659
    endloop
  endfacet
  facet normal 1 0 0
    outer loop
      vertex -7.2 -6.5 14
      vertex -7.2 -6.5 12.7
      vertex -7.2 -5.61409 12.6691
    endloop
  endfacet
  facet normal 1 0 0
    outer loop
      vertex -7.2 -6.5 14
      vertex -7.2 -7.38591 12.6691
      vertex -7.2 -6.5 12.7
    endloop
  endfacet
  facet normal 1 -0 0
    outer loop
      vertex -7.2 -7.47659 13.9659
      vertex -7.2 -7.38591 12.6691
      vertex -7.2 -6.5 14
    endloop
  endfacet
  facet normal 1 0 0
    outer loop
      vertex -7.2 -7.47659 13.9659
      vertex -7.2 -8.2675 12.5764
      vertex -7.2 -7.38591 12.6691
    endloop
  endfacet
  facet normal 1 -0 0
    outer loop
      vertex -7.2 -8.44842 13.8638
      vertex -7.2 -8.2675 12.5764
      vertex -7.2 -7.47659 13.9659
    endloop
  endfacet
  facet normal 1 0 0
    outer loop
      vertex -7.2 -8.44842 13.8638
      vertex -7.2 -9.14048 12.4225
      vertex -7.2 -8.2675 12.5764
    endloop
  endfacet
  facet normal 1 -0 0
    outer loop
      vertex -7.2 -9.41076 13.6941
      vertex -7.2 -9.14048 12.4225
      vertex -7.2 -8.44842 13.8638
    endloop
  endfacet
  facet normal 1 0 0
    outer loop
      vertex -7.2 -9.41076 13.6941
      vertex -7.2 -10.0006 12.208
      vertex -7.2 -9.14048 12.4225
    endloop
  endfacet
  facet normal 1 -0 0
    outer loop
      vertex -7.2 -10.3589 13.4577
      vertex -7.2 -10.0006 12.208
      vertex -7.2 -9.41076 13.6941
    endloop
  endfacet
  facet normal 1 0 0
    outer loop
      vertex -7.2 -10.3589 13.4577
      vertex -7.2 -10.8437 11.9341
      vertex -7.2 -10.0006 12.208
    endloop
  endfacet
  facet normal 1 -0 0
    outer loop
      vertex -7.2 -11.2883 13.1557
      vertex -7.2 -10.8437 11.9341
      vertex -7.2 -10.3589 13.4577
    endloop
  endfacet
  facet normal 1 0 0
    outer loop
      vertex -7.2 -11.2883 13.1557
      vertex -7.2 -11.6656 11.602
      vertex -7.2 -10.8437 11.9341
    endloop
  endfacet
  facet normal 1 -0 0
    outer loop
      vertex -7.2 -12.1943 12.7896
      vertex -7.2 -11.6656 11.602
      vertex -7.2 -11.2883 13.1557
    endloop
  endfacet
  facet normal 1 0 0
    outer loop
      vertex -7.2 -12.1943 12.7896
      vertex -7.2 -12.4623 11.2134
      vertex -7.2 -11.6656 11.602
    endloop
  endfacet
  facet normal 1 -0 0
    outer loop
      vertex -7.2 -13.0726 12.3613
      vertex -7.2 -12.4623 11.2134
      vertex -7.2 -12.1943 12.7896
    endloop
  endfacet
  facet normal 1 0 0
    outer loop
      vertex -7.2 -13.0726 12.3613
      vertex -7.2 -13.23 10.7702
      vertex -7.2 -12.4623 11.2134
    endloop
  endfacet
  facet normal 1 -0 0
    outer loop
      vertex -7.2 -13.9189 11.8727
      vertex -7.2 -13.23 10.7702
      vertex -7.2 -13.0726 12.3613
    endloop
  endfacet
  facet normal 1 0 0
    outer loop
      vertex -7.2 -13.9189 11.8727
      vertex -7.2 -13.9649 10.2745
      vertex -7.2 -13.23 10.7702
    endloop
  endfacet
  facet normal 1 -0 0
    outer loop
      vertex -7.2 -14.729 11.3262
      vertex -7.2 -13.9649 10.2745
      vertex -7.2 -13.9189 11.8727
    endloop
  endfacet
  facet normal 1 0 0
    outer loop
      vertex -7.2 -13.9649 10.2745
      vertex -7.2 -14.729 11.3262
      vertex -7.2 -14.6634 9.72876
    endloop
  endfacet
  facet normal 1 -0 0
    outer loop
      vertex -7.2 -15.499 10.7246
      vertex -7.2 -14.6634 9.72876
      vertex -7.2 -14.729 11.3262
    endloop
  endfacet
  facet normal 1 0 0
    outer loop
      vertex -7.2 -14.6634 9.72876
      vertex -7.2 -15.499 10.7246
      vertex -7.2 -15.3222 9.13562
    endloop
  endfacet
  facet normal 1 -0 0
    outer loop
      vertex -7.2 -16.2252 10.0708
      vertex -7.2 -15.3222 9.13562
      vertex -7.2 -15.499 10.7246
    endloop
  endfacet
  facet normal 1 0 0
    outer loop
      vertex -7.2 -15.3222 9.13562
      vertex -7.2 -16.2252 10.0708
      vertex -7.2 -15.9379 8.49796
    endloop
  endfacet
  facet normal 1 -0 0
    outer loop
      vertex -7.2 -16.904 9.36783
      vertex -7.2 -15.9379 8.49796
      vertex -7.2 -16.2252 10.0708
    endloop
  endfacet
  facet normal 1 0 0
    outer loop
      vertex -7.2 -15.9379 8.49796
      vertex -7.2 -16.904 9.36783
      vertex -7.2 -16.5077 7.8189
    endloop
  endfacet
  facet normal 1 -0 0
    outer loop
      vertex -7.2 -17.5322 8.61926
      vertex -7.2 -16.5077 7.8189
      vertex -7.2 -16.904 9.36783
    endloop
  endfacet
  facet normal 1 0 0
    outer loop
      vertex -7.2 -16.5077 7.8189
      vertex -7.2 -17.5322 8.61926
      vertex -7.2 -17.0288 7.10175
    endloop
  endfacet
  facet normal 1 -0 0
    outer loop
      vertex -7.2 -18.1065 7.8287
      vertex -7.2 -17.0288 7.10175
      vertex -7.2 -17.5322 8.61926
    endloop
  endfacet
  facet normal 1 0 0
    outer loop
      vertex -7.2 -17.0288 7.10175
      vertex -7.2 -18.1065 7.8287
      vertex -7.2 -17.4985 6.35
    endloop
  endfacet
  facet normal 1 -0 0
    outer loop
      vertex -7.2 -18.6244 7
      vertex -7.2 -17.4985 6.35
      vertex -7.2 -18.1065 7.8287
    endloop
  endfacet
  facet normal 1 0 0
    outer loop
      vertex -7.2 -17.4985 6.35
      vertex -7.2 -18.6244 7
      vertex -7.2 -17.9147 5.56731
    endloop
  endfacet
  facet normal 1 -0 0
    outer loop
      vertex -7.2 -19.0831 6.1372
      vertex -7.2 -17.9147 5.56731
      vertex -7.2 -18.6244 7
    endloop
  endfacet
  facet normal 1 0 0
    outer loop
      vertex -7.2 -17.9147 5.56731
      vertex -7.2 -19.0831 6.1372
      vertex -7.2 -18.2752 4.7575
    endloop
  endfacet
  facet normal 1 -0 0
    outer loop
      vertex -7.2 -19.4806 5.24449
      vertex -7.2 -18.2752 4.7575
      vertex -7.2 -19.0831 6.1372
    endloop
  endfacet
  facet normal 1 0 0
    outer loop
      vertex -7.2 -18.2752 4.7575
      vertex -7.2 -19.4806 5.24449
      vertex -7.2 -18.5784 3.92452
    endloop
  endfacet
  facet normal 1 -0 0
    outer loop
      vertex -7.2 -19.8148 4.32624
      vertex -7.2 -18.5784 3.92452
      vertex -7.2 -19.4806 5.24449
    endloop
  endfacet
  facet normal 1 0 0
    outer loop
      vertex -7.2 -18.5784 3.92452
      vertex -7.2 -19.8148 4.32624
      vertex -7.2 -18.8228 3.07241
    endloop
  endfacet
  facet normal 1 -0 0
    outer loop
      vertex -7.2 -20.0841 3.38691
      vertex -7.2 -18.8228 3.07241
      vertex -7.2 -19.8148 4.32624
    endloop
  endfacet
  facet normal 1 -0 0
    outer loop
      vertex -7.2 -20.2873 2.43107
      vertex -7.2 -19.0071 2.20533
      vertex -7.2 -20.0841 3.38691
    endloop
  endfacet
  facet normal 1 0 0
    outer loop
      vertex -7.2 -18.8228 3.07241
      vertex -7.2 -20.0841 3.38691
      vertex -7.2 -19.0071 2.20533
    endloop
  endfacet
  facet normal 1 0 0
    outer loop
      vertex -7.2 7.28731 -2.43107
      vertex -7.2 6.00706 -2.20533
      vertex -7.2 7.08414 -3.38691
    endloop
  endfacet
  facet normal 1 -0 0
    outer loop
      vertex -7.2 5.82275 -3.07241
      vertex -7.2 7.08414 -3.38691
      vertex -7.2 6.00706 -2.20533
    endloop
  endfacet
  facet normal 1 0 0
    outer loop
      vertex -7.2 7.08414 -3.38691
      vertex -7.2 5.82275 -3.07241
      vertex -7.2 6.81479 -4.32624
    endloop
  endfacet
  facet normal 1 -0 0
    outer loop
      vertex -7.2 5.57842 -3.92452
      vertex -7.2 6.81479 -4.32624
      vertex -7.2 5.82275 -3.07241
    endloop
  endfacet
  facet normal 1 0 0
    outer loop
      vertex -7.2 6.81479 -4.32624
      vertex -7.2 5.57842 -3.92452
      vertex -7.2 6.48057 -5.24449
    endloop
  endfacet
  facet normal 1 -0 0
    outer loop
      vertex -7.2 5.27523 -4.7575
      vertex -7.2 6.48057 -5.24449
      vertex -7.2 5.57842 -3.92452
    endloop
  endfacet
  facet normal 1 0 0
    outer loop
      vertex -7.2 6.48057 -5.24449
      vertex -7.2 5.27523 -4.7575
      vertex -7.2 6.08312 -6.1372
    endloop
  endfacet
  facet normal 1 -0 0
    outer loop
      vertex -7.2 4.91468 -5.56731
      vertex -7.2 6.08312 -6.1372
      vertex -7.2 5.27523 -4.7575
    endloop
  endfacet
  facet normal 1 0 0
    outer loop
      vertex -7.2 6.08312 -6.1372
      vertex -7.2 4.91468 -5.56731
      vertex -7.2 5.62436 -7
    endloop
  endfacet
  facet normal 1 -0 0
    outer loop
      vertex -7.2 4.49852 -6.35
      vertex -7.2 5.62436 -7
      vertex -7.2 4.91468 -5.56731
    endloop
  endfacet
  facet normal 1 0 0
    outer loop
      vertex -7.2 5.62436 -7
      vertex -7.2 4.49852 -6.35
      vertex -7.2 5.10653 -7.8287
    endloop
  endfacet
  facet normal 1 -0 0
    outer loop
      vertex -7.2 4.02878 -7.10175
      vertex -7.2 5.10653 -7.8287
      vertex -7.2 4.49852 -6.35
    endloop
  endfacet
  facet normal 1 0 0
    outer loop
      vertex -7.2 5.10653 -7.8287
      vertex -7.2 4.02878 -7.10175
      vertex -7.2 4.53215 -8.61926
    endloop
  endfacet
  facet normal 1 -0 0
    outer loop
      vertex -7.2 3.50774 -7.8189
      vertex -7.2 4.53215 -8.61926
      vertex -7.2 4.02878 -7.10175
    endloop
  endfacet
  facet normal 1 0 0
    outer loop
      vertex -7.2 4.53215 -8.61926
      vertex -7.2 3.50774 -7.8189
      vertex -7.2 3.90403 -9.36783
    endloop
  endfacet
  facet normal 1 -0 0
    outer loop
      vertex -7.2 2.93794 -8.49796
      vertex -7.2 3.90403 -9.36783
      vertex -7.2 3.50774 -7.8189
    endloop
  endfacet
  facet normal 1 0 0
    outer loop
      vertex -7.2 3.90403 -9.36783
      vertex -7.2 2.93794 -8.49796
      vertex -7.2 3.22522 -10.0708
    endloop
  endfacet
  facet normal 1 -0 0
    outer loop
      vertex -7.2 2.32216 -9.13562
      vertex -7.2 3.22522 -10.0708
      vertex -7.2 2.93794 -8.49796
    endloop
  endfacet
  facet normal 1 0 0
    outer loop
      vertex -7.2 3.22522 -10.0708
      vertex -7.2 2.32216 -9.13562
      vertex -7.2 2.49903 -10.7246
    endloop
  endfacet
  facet normal 1 -0 0
    outer loop
      vertex -7.2 1.6634 -9.72876
      vertex -7.2 2.49903 -10.7246
      vertex -7.2 2.32216 -9.13562
    endloop
  endfacet
  facet normal 1 0 0
    outer loop
      vertex -7.2 2.49903 -10.7246
      vertex -7.2 1.6634 -9.72876
      vertex -7.2 1.72899 -11.3262
    endloop
  endfacet
  facet normal 1 -0 0
    outer loop
      vertex -7.2 0.964872 -10.2745
      vertex -7.2 1.72899 -11.3262
      vertex -7.2 1.6634 -9.72876
    endloop
  endfacet
  facet normal 1 0 0
    outer loop
      vertex -7.2 0.964872 -10.2745
      vertex -7.2 0.918869 -11.8727
      vertex -7.2 1.72899 -11.3262
    endloop
  endfacet
  facet normal 1 -0 0
    outer loop
      vertex -7.2 0.229974 -10.7702
      vertex -7.2 0.918869 -11.8727
      vertex -7.2 0.964872 -10.2745
    endloop
  endfacet
  facet normal 1 0 0
    outer loop
      vertex -7.2 0.229974 -10.7702
      vertex -7.2 0.0726013 -12.3613
      vertex -7.2 0.918869 -11.8727
    endloop
  endfacet
  facet normal 1 -0 0
    outer loop
      vertex -7.2 -0.537712 -11.2134
      vertex -7.2 0.0726013 -12.3613
      vertex -7.2 0.229974 -10.7702
    endloop
  endfacet
  facet normal 1 0 0
    outer loop
      vertex -7.2 -0.537712 -11.2134
      vertex -7.2 -0.805688 -12.7896
      vertex -7.2 0.0726013 -12.3613
    endloop
  endfacet
  facet normal 1 -0 0
    outer loop
      vertex -7.2 -1.33444 -11.602
      vertex -7.2 -0.805688 -12.7896
      vertex -7.2 -0.537712 -11.2134
    endloop
  endfacet
  facet normal 1 0 0
    outer loop
      vertex -7.2 -1.33444 -11.602
      vertex -7.2 -1.71172 -13.1557
      vertex -7.2 -0.805688 -12.7896
    endloop
  endfacet
  facet normal 1 -0 0
    outer loop
      vertex -7.2 -2.15634 -11.9341
      vertex -7.2 -1.71172 -13.1557
      vertex -7.2 -1.33444 -11.602
    endloop
  endfacet
  facet normal 1 0 0
    outer loop
      vertex -7.2 -2.15634 -11.9341
      vertex -7.2 -2.64108 -13.4577
      vertex -7.2 -1.71172 -13.1557
    endloop
  endfacet
  facet normal 1 -0 0
    outer loop
      vertex -7.2 -2.99941 -12.208
      vertex -7.2 -2.64108 -13.4577
      vertex -7.2 -2.15634 -11.9341
    endloop
  endfacet
  facet normal 1 0 0
    outer loop
      vertex -7.2 -2.99941 -12.208
      vertex -7.2 -3.58924 -13.6941
      vertex -7.2 -2.64108 -13.4577
    endloop
  endfacet
  facet normal 1 -0 0
    outer loop
      vertex -7.2 -3.85952 -12.4225
      vertex -7.2 -3.58924 -13.6941
      vertex -7.2 -2.99941 -12.208
    endloop
  endfacet
  facet normal 1 0 0
    outer loop
      vertex -7.2 -3.85952 -12.4225
      vertex -7.2 -4.55158 -13.8638
      vertex -7.2 -3.58924 -13.6941
    endloop
  endfacet
  facet normal 1 -0 0
    outer loop
      vertex -7.2 -4.7325 -12.5764
      vertex -7.2 -4.55158 -13.8638
      vertex -7.2 -3.85952 -12.4225
    endloop
  endfacet
  facet normal 1 0 0
    outer loop
      vertex -7.2 -4.7325 -12.5764
      vertex -7.2 -5.52341 -13.9659
      vertex -7.2 -4.55158 -13.8638
    endloop
  endfacet
  facet normal 1 -0 0
    outer loop
      vertex -7.2 -5.61409 -12.6691
      vertex -7.2 -5.52341 -13.9659
      vertex -7.2 -4.7325 -12.5764
    endloop
  endfacet
  facet normal 1 -0 0
    outer loop
      vertex -7.2 -6.5 -12.7
      vertex -7.2 -5.52341 -13.9659
      vertex -7.2 -5.61409 -12.6691
    endloop
  endfacet
  facet normal 1 0 0
    outer loop
      vertex -7.2 -6.5 -12.7
      vertex -7.2 -6.5 -14
      vertex -7.2 -5.52341 -13.9659
    endloop
  endfacet
  facet normal 1 0 0
    outer loop
      vertex -7.2 -7.38591 -12.6691
      vertex -7.2 -6.5 -14
      vertex -7.2 -6.5 -12.7
    endloop
  endfacet
  facet normal 1 0 0
    outer loop
      vertex -7.2 -7.38591 -12.6691
      vertex -7.2 -7.47659 -13.9659
      vertex -7.2 -6.5 -14
    endloop
  endfacet
  facet normal 1 0 0
    outer loop
      vertex -7.2 -8.2675 -12.5764
      vertex -7.2 -7.47659 -13.9659
      vertex -7.2 -7.38591 -12.6691
    endloop
  endfacet
  facet normal 1 0 0
    outer loop
      vertex -7.2 -8.2675 -12.5764
      vertex -7.2 -8.44842 -13.8638
      vertex -7.2 -7.47659 -13.9659
    endloop
  endfacet
  facet normal 1 0 0
    outer loop
      vertex -7.2 -9.14048 -12.4225
      vertex -7.2 -8.44842 -13.8638
      vertex -7.2 -8.2675 -12.5764
    endloop
  endfacet
  facet normal 1 0 0
    outer loop
      vertex -7.2 -9.14048 -12.4225
      vertex -7.2 -9.41076 -13.6941
      vertex -7.2 -8.44842 -13.8638
    endloop
  endfacet
  facet normal 1 0 0
    outer loop
      vertex -7.2 -10.0006 -12.208
      vertex -7.2 -9.41076 -13.6941
      vertex -7.2 -9.14048 -12.4225
    endloop
  endfacet
  facet normal 1 0 0
    outer loop
      vertex -7.2 -10.0006 -12.208
      vertex -7.2 -10.3589 -13.4577
      vertex -7.2 -9.41076 -13.6941
    endloop
  endfacet
  facet normal 1 0 0
    outer loop
      vertex -7.2 -10.8437 -11.9341
      vertex -7.2 -10.3589 -13.4577
      vertex -7.2 -10.0006 -12.208
    endloop
  endfacet
  facet normal 1 0 0
    outer loop
      vertex -7.2 -10.8437 -11.9341
      vertex -7.2 -11.2883 -13.1557
      vertex -7.2 -10.3589 -13.4577
    endloop
  endfacet
  facet normal 1 0 0
    outer loop
      vertex -7.2 -11.6656 -11.602
      vertex -7.2 -11.2883 -13.1557
      vertex -7.2 -10.8437 -11.9341
    endloop
  endfacet
  facet normal 1 0 0
    outer loop
      vertex -7.2 -11.6656 -11.602
      vertex -7.2 -12.1943 -12.7896
      vertex -7.2 -11.2883 -13.1557
    endloop
  endfacet
  facet normal 1 0 0
    outer loop
      vertex -7.2 -12.4623 -11.2134
      vertex -7.2 -12.1943 -12.7896
      vertex -7.2 -11.6656 -11.602
    endloop
  endfacet
  facet normal 1 0 0
    outer loop
      vertex -7.2 -12.4623 -11.2134
      vertex -7.2 -13.0726 -12.3613
      vertex -7.2 -12.1943 -12.7896
    endloop
  endfacet
  facet normal 1 0 0
    outer loop
      vertex -7.2 -13.23 -10.7702
      vertex -7.2 -13.0726 -12.3613
      vertex -7.2 -12.4623 -11.2134
    endloop
  endfacet
  facet normal 1 0 0
    outer loop
      vertex -7.2 -13.23 -10.7702
      vertex -7.2 -13.9189 -11.8727
      vertex -7.2 -13.0726 -12.3613
    endloop
  endfacet
  facet normal 1 0 0
    outer loop
      vertex -7.2 -13.9649 -10.2745
      vertex -7.2 -13.9189 -11.8727
      vertex -7.2 -13.23 -10.7702
    endloop
  endfacet
  facet normal 1 0 0
    outer loop
      vertex -7.2 -14.729 -11.3262
      vertex -7.2 -13.9649 -10.2745
      vertex -7.2 -14.6634 -9.72876
    endloop
  endfacet
  facet normal 1 0 0
    outer loop
      vertex -7.2 -13.9649 -10.2745
      vertex -7.2 -14.729 -11.3262
      vertex -7.2 -13.9189 -11.8727
    endloop
  endfacet
  facet normal 1 0 0
    outer loop
      vertex -7.2 -15.499 -10.7246
      vertex -7.2 -14.6634 -9.72876
      vertex -7.2 -15.3222 -9.13562
    endloop
  endfacet
  facet normal 1 0 0
    outer loop
      vertex -7.2 -14.6634 -9.72876
      vertex -7.2 -15.499 -10.7246
      vertex -7.2 -14.729 -11.3262
    endloop
  endfacet
  facet normal 1 0 0
    outer loop
      vertex -7.2 -16.2252 -10.0708
      vertex -7.2 -15.3222 -9.13562
      vertex -7.2 -15.9379 -8.49796
    endloop
  endfacet
  facet normal 1 0 0
    outer loop
      vertex -7.2 -15.3222 -9.13562
      vertex -7.2 -16.2252 -10.0708
      vertex -7.2 -15.499 -10.7246
    endloop
  endfacet
  facet normal 1 0 0
    outer loop
      vertex -7.2 -16.904 -9.36783
      vertex -7.2 -15.9379 -8.49796
      vertex -7.2 -16.5077 -7.8189
    endloop
  endfacet
  facet normal 1 0 0
    outer loop
      vertex -7.2 -15.9379 -8.49796
      vertex -7.2 -16.904 -9.36783
      vertex -7.2 -16.2252 -10.0708
    endloop
  endfacet
  facet normal 1 0 0
    outer loop
      vertex -7.2 -17.5322 -8.61926
      vertex -7.2 -16.5077 -7.8189
      vertex -7.2 -17.0288 -7.10175
    endloop
  endfacet
  facet normal 1 0 0
    outer loop
      vertex -7.2 -18.1065 -7.8287
      vertex -7.2 -17.0288 -7.10175
      vertex -7.2 -17.4985 -6.35
    endloop
  endfacet
  facet normal 1 0 0
    outer loop
      vertex -7.2 -16.5077 -7.8189
      vertex -7.2 -17.5322 -8.61926
      vertex -7.2 -16.904 -9.36783
    endloop
  endfacet
  facet normal 1 0 0
    outer loop
      vertex -7.2 -18.6244 -7
      vertex -7.2 -17.4985 -6.35
      vertex -7.2 -17.9147 -5.56731
    endloop
  endfacet
  facet normal 1 0 0
    outer loop
      vertex -7.2 -17.0288 -7.10175
      vertex -7.2 -18.1065 -7.8287
      vertex -7.2 -17.5322 -8.61926
    endloop
  endfacet
  facet normal 1 0 0
    outer loop
      vertex -7.2 -19.0831 -6.1372
      vertex -7.2 -17.9147 -5.56731
      vertex -7.2 -18.2752 -4.7575
    endloop
  endfacet
  facet normal 1 0 0
    outer loop
      vertex -7.2 -19.4806 -5.24449
      vertex -7.2 -18.2752 -4.7575
      vertex -7.2 -18.5784 -3.92452
    endloop
  endfacet
  facet normal 1 0 0
    outer loop
      vertex -7.2 -17.4985 -6.35
      vertex -7.2 -18.6244 -7
      vertex -7.2 -18.1065 -7.8287
    endloop
  endfacet
  facet normal 1 0 0
    outer loop
      vertex -7.2 -19.8148 -4.32624
      vertex -7.2 -18.5784 -3.92452
      vertex -7.2 -18.8228 -3.07241
    endloop
  endfacet
  facet normal 1 0 0
    outer loop
      vertex -7.2 -20.0841 -3.38691
      vertex -7.2 -18.8228 -3.07241
      vertex -7.2 -19.0071 -2.20533
    endloop
  endfacet
  facet normal 1 0 0
    outer loop
      vertex -7.2 -17.9147 -5.56731
      vertex -7.2 -19.0831 -6.1372
      vertex -7.2 -18.6244 -7
    endloop
  endfacet
  facet normal 1 0 0
    outer loop
      vertex -7.2 -20.2873 -2.43107
      vertex -7.2 -19.0071 -2.20533
      vertex -7.2 -19.1304 -1.32751
    endloop
  endfacet
  facet normal 1 0 0
    outer loop
      vertex -7.2 -20.4233 -1.4634
      vertex -7.2 -19.1304 -1.32751
      vertex -7.2 -19.1923 -0.443223
    endloop
  endfacet
  facet normal 1 0 0
    outer loop
      vertex -7.2 -19.0071 2.20533
      vertex -7.2 -20.2873 2.43107
      vertex -7.2 -19.1304 1.32751
    endloop
  endfacet
  facet normal 1 0 0
    outer loop
      vertex -7.2 -18.2752 -4.7575
      vertex -7.2 -19.4806 -5.24449
      vertex -7.2 -19.0831 -6.1372
    endloop
  endfacet
  facet normal 1 -0 0
    outer loop
      vertex -7.2 -20.4233 1.4634
      vertex -7.2 -19.1304 1.32751
      vertex -7.2 -20.2873 2.43107
    endloop
  endfacet
  facet normal 1 0 0
    outer loop
      vertex -7.2 -18.5784 -3.92452
      vertex -7.2 -19.8148 -4.32624
      vertex -7.2 -19.4806 -5.24449
    endloop
  endfacet
  facet normal 1 0 0
    outer loop
      vertex -7.2 -19.1304 1.32751
      vertex -7.2 -20.4233 1.4634
      vertex -7.2 -19.1923 0.443223
    endloop
  endfacet
  facet normal 1 0 0
    outer loop
      vertex -7.2 -18.8228 -3.07241
      vertex -7.2 -20.0841 -3.38691
      vertex -7.2 -19.8148 -4.32624
    endloop
  endfacet
  facet normal 1 -0 0
    outer loop
      vertex -7.2 -20.4915 0.488592
      vertex -7.2 -19.1923 0.443223
      vertex -7.2 -20.4233 1.4634
    endloop
  endfacet
  facet normal 1 0 0
    outer loop
      vertex -7.2 -19.0071 -2.20533
      vertex -7.2 -20.2873 -2.43107
      vertex -7.2 -20.0841 -3.38691
    endloop
  endfacet
  facet normal 1 0 0
    outer loop
      vertex -7.2 -19.1923 0.443223
      vertex -7.2 -20.4915 0.488592
      vertex -7.2 -19.1923 -0.443223
    endloop
  endfacet
  facet normal 1 0 0
    outer loop
      vertex -7.2 -19.1304 -1.32751
      vertex -7.2 -20.4233 -1.4634
      vertex -7.2 -20.2873 -2.43107
    endloop
  endfacet
  facet normal 1 0 0
    outer loop
      vertex -7.2 -20.4915 -0.488592
      vertex -7.2 -19.1923 -0.443223
      vertex -7.2 -20.4915 0.488592
    endloop
  endfacet
  facet normal 1 0 0
    outer loop
      vertex -7.2 -19.1923 -0.443223
      vertex -7.2 -20.4915 -0.488592
      vertex -7.2 -20.4233 -1.4634
    endloop
  endfacet
  facet normal 0 0.882947 0.469472
    outer loop
      vertex -7.2 6.08312 6.1372
      vertex -9.4 5.62436 7
      vertex -7.2 5.62436 7
    endloop
  endfacet
  facet normal 0 0.882947 0.469472
    outer loop
      vertex -9.4 5.62436 7
      vertex -7.2 6.08312 6.1372
      vertex -9.4 6.08312 6.1372
    endloop
  endfacet
  facet normal 0 0.848048 0.52992
    outer loop
      vertex -7.2 5.62436 7
      vertex -9.4 5.10653 7.8287
      vertex -7.2 5.10653 7.8287
    endloop
  endfacet
  facet normal 0 0.848048 0.52992
    outer loop
      vertex -9.4 5.10653 7.8287
      vertex -7.2 5.62436 7
      vertex -9.4 5.62436 7
    endloop
  endfacet
  facet normal 0 0.766047 0.642785
    outer loop
      vertex -7.2 4.53215 8.61926
      vertex -9.4 3.90403 9.36783
      vertex -7.2 3.90403 9.36783
    endloop
  endfacet
  facet normal 0 0.766047 0.642785
    outer loop
      vertex -9.4 3.90403 9.36783
      vertex -7.2 4.53215 8.61926
      vertex -9.4 4.53215 8.61926
    endloop
  endfacet
  facet normal 0 0.961261 0.275639
    outer loop
      vertex -7.2 7.08414 3.38691
      vertex -9.4 6.81479 4.32624
      vertex -7.2 6.81479 4.32624
    endloop
  endfacet
  facet normal 0 0.961261 0.275639
    outer loop
      vertex -9.4 6.81479 4.32624
      vertex -7.2 7.08414 3.38691
      vertex -9.4 7.08414 3.38691
    endloop
  endfacet
  facet normal 0 0.997564 0.0697512
    outer loop
      vertex -7.2 7.49147 0.488592
      vertex -9.4 7.42331 1.4634
      vertex -7.2 7.42331 1.4634
    endloop
  endfacet
  facet normal 0 0.997564 0.0697512
    outer loop
      vertex -9.4 7.42331 1.4634
      vertex -7.2 7.49147 0.488592
      vertex -9.4 7.49147 0.488592
    endloop
  endfacet
  facet normal 0 -0.719365 -0.694632
    outer loop
      vertex -9.4 -16.2252 -10.0708
      vertex -7.2 -16.904 -9.36783
      vertex -9.4 -16.904 -9.36783
    endloop
  endfacet
  facet normal 0 -0.719365 -0.694632
    outer loop
      vertex -7.2 -16.904 -9.36783
      vertex -9.4 -16.2252 -10.0708
      vertex -7.2 -16.2252 -10.0708
    endloop
  endfacet
  facet normal -1 0 0
    outer loop
      vertex -9.4 7.42331 -1.4634
      vertex -9.4 7.49147 0.488592
      vertex -9.4 7.49147 -0.488592
    endloop
  endfacet
  facet normal -1 0 0
    outer loop
      vertex -9.4 7.42331 -1.4634
      vertex -9.4 7.42331 1.4634
      vertex -9.4 7.49147 0.488592
    endloop
  endfacet
  facet normal -1 0 0
    outer loop
      vertex -9.4 7.28731 -2.43107
      vertex -9.4 7.42331 1.4634
      vertex -9.4 7.42331 -1.4634
    endloop
  endfacet
  facet normal -1 0 0
    outer loop
      vertex -9.4 7.28731 -2.43107
      vertex -9.4 7.28731 2.43107
      vertex -9.4 7.42331 1.4634
    endloop
  endfacet
  facet normal -1 0 0
    outer loop
      vertex -9.4 7.08414 -3.38691
      vertex -9.4 7.28731 2.43107
      vertex -9.4 7.28731 -2.43107
    endloop
  endfacet
  facet normal -1 0 0
    outer loop
      vertex -9.4 7.08414 -3.38691
      vertex -9.4 7.08414 3.38691
      vertex -9.4 7.28731 2.43107
    endloop
  endfacet
  facet normal -1 0 0
    outer loop
      vertex -9.4 6.81479 -4.32624
      vertex -9.4 7.08414 3.38691
      vertex -9.4 7.08414 -3.38691
    endloop
  endfacet
  facet normal -1 0 0
    outer loop
      vertex -9.4 6.81479 -4.32624
      vertex -9.4 6.81479 4.32624
      vertex -9.4 7.08414 3.38691
    endloop
  endfacet
  facet normal -1 0 0
    outer loop
      vertex -9.4 6.48057 -5.24449
      vertex -9.4 6.81479 4.32624
      vertex -9.4 6.81479 -4.32624
    endloop
  endfacet
  facet normal -1 0 0
    outer loop
      vertex -9.4 6.48057 -5.24449
      vertex -9.4 6.48057 5.24449
      vertex -9.4 6.81479 4.32624
    endloop
  endfacet
  facet normal -1 0 0
    outer loop
      vertex -9.4 6.08312 -6.1372
      vertex -9.4 6.48057 5.24449
      vertex -9.4 6.48057 -5.24449
    endloop
  endfacet
  facet normal -1 0 0
    outer loop
      vertex -9.4 6.08312 -6.1372
      vertex -9.4 6.08312 6.1372
      vertex -9.4 6.48057 5.24449
    endloop
  endfacet
  facet normal -1 0 0
    outer loop
      vertex -9.4 5.62436 -7
      vertex -9.4 6.08312 6.1372
      vertex -9.4 6.08312 -6.1372
    endloop
  endfacet
  facet normal -1 0 0
    outer loop
      vertex -9.4 5.62436 -7
      vertex -9.4 5.62436 7
      vertex -9.4 6.08312 6.1372
    endloop
  endfacet
  facet normal -1 0 0
    outer loop
      vertex -9.4 5.10653 -7.8287
      vertex -9.4 5.62436 7
      vertex -9.4 5.62436 -7
    endloop
  endfacet
  facet normal -1 0 0
    outer loop
      vertex -9.4 5.10653 -7.8287
      vertex -9.4 5.10653 7.8287
      vertex -9.4 5.62436 7
    endloop
  endfacet
  facet normal -1 0 0
    outer loop
      vertex -9.4 4.53215 -8.61926
      vertex -9.4 5.10653 7.8287
      vertex -9.4 5.10653 -7.8287
    endloop
  endfacet
  facet normal -1 0 0
    outer loop
      vertex -9.4 4.53215 -8.61926
      vertex -9.4 4.53215 8.61926
      vertex -9.4 5.10653 7.8287
    endloop
  endfacet
  facet normal -1 0 0
    outer loop
      vertex -9.4 3.90403 -9.36783
      vertex -9.4 4.53215 8.61926
      vertex -9.4 4.53215 -8.61926
    endloop
  endfacet
  facet normal -1 0 0
    outer loop
      vertex -9.4 3.90403 -9.36783
      vertex -9.4 3.90403 9.36783
      vertex -9.4 4.53215 8.61926
    endloop
  endfacet
  facet normal -1 0 0
    outer loop
      vertex -9.4 3.22522 -10.0708
      vertex -9.4 3.90403 9.36783
      vertex -9.4 3.90403 -9.36783
    endloop
  endfacet
  facet normal -1 0 0
    outer loop
      vertex -9.4 3.22522 -10.0708
      vertex -9.4 3.22522 10.0708
      vertex -9.4 3.90403 9.36783
    endloop
  endfacet
  facet normal -1 0 0
    outer loop
      vertex -9.4 2.49903 -10.7246
      vertex -9.4 3.22522 10.0708
      vertex -9.4 3.22522 -10.0708
    endloop
  endfacet
  facet normal -1 0 0
    outer loop
      vertex -9.4 2.49903 -10.7246
      vertex -9.4 2.49903 10.7246
      vertex -9.4 3.22522 10.0708
    endloop
  endfacet
  facet normal -1 0 0
    outer loop
      vertex -9.4 1.72899 -11.3262
      vertex -9.4 2.49903 10.7246
      vertex -9.4 2.49903 -10.7246
    endloop
  endfacet
  facet normal -1 0 0
    outer loop
      vertex -9.4 1.72899 -11.3262
      vertex -9.4 1.72899 11.3262
      vertex -9.4 2.49903 10.7246
    endloop
  endfacet
  facet normal -1 0 0
    outer loop
      vertex -9.4 0.918869 -11.8727
      vertex -9.4 1.72899 11.3262
      vertex -9.4 1.72899 -11.3262
    endloop
  endfacet
  facet normal -1 0 0
    outer loop
      vertex -9.4 0.918869 -11.8727
      vertex -9.4 0.918869 11.8727
      vertex -9.4 1.72899 11.3262
    endloop
  endfacet
  facet normal -1 0 0
    outer loop
      vertex -9.4 0.0726013 -12.3613
      vertex -9.4 0.918869 11.8727
      vertex -9.4 0.918869 -11.8727
    endloop
  endfacet
  facet normal -1 0 0
    outer loop
      vertex -9.4 0.0726013 -12.3613
      vertex -9.4 0.0726013 12.3613
      vertex -9.4 0.918869 11.8727
    endloop
  endfacet
  facet normal -1 0 0
    outer loop
      vertex -9.4 -0.805688 -12.7896
      vertex -9.4 0.0726013 12.3613
      vertex -9.4 0.0726013 -12.3613
    endloop
  endfacet
  facet normal -1 0 0
    outer loop
      vertex -9.4 -0.805688 -12.7896
      vertex -9.4 -0.805688 12.7896
      vertex -9.4 0.0726013 12.3613
    endloop
  endfacet
  facet normal -1 0 0
    outer loop
      vertex -9.4 -1.71172 -13.1557
      vertex -9.4 -0.805688 12.7896
      vertex -9.4 -0.805688 -12.7896
    endloop
  endfacet
  facet normal -1 0 0
    outer loop
      vertex -9.4 -1.71172 -13.1557
      vertex -9.4 -1.71172 13.1557
      vertex -9.4 -0.805688 12.7896
    endloop
  endfacet
  facet normal -1 0 0
    outer loop
      vertex -9.4 -2.64108 -13.4577
      vertex -9.4 -1.71172 13.1557
      vertex -9.4 -1.71172 -13.1557
    endloop
  endfacet
  facet normal -1 0 0
    outer loop
      vertex -9.4 -2.64108 -13.4577
      vertex -9.4 -2.64108 13.4577
      vertex -9.4 -1.71172 13.1557
    endloop
  endfacet
  facet normal -1 0 0
    outer loop
      vertex -9.4 -3.58924 -13.6941
      vertex -9.4 -2.64108 13.4577
      vertex -9.4 -2.64108 -13.4577
    endloop
  endfacet
  facet normal -1 0 0
    outer loop
      vertex -9.4 -3.58924 -13.6941
      vertex -9.4 -3.58924 13.6941
      vertex -9.4 -2.64108 13.4577
    endloop
  endfacet
  facet normal -1 0 0
    outer loop
      vertex -9.4 -4.55158 -13.8638
      vertex -9.4 -3.58924 13.6941
      vertex -9.4 -3.58924 -13.6941
    endloop
  endfacet
  facet normal -1 0 0
    outer loop
      vertex -9.4 -4.55158 -13.8638
      vertex -9.4 -4.55158 13.8638
      vertex -9.4 -3.58924 13.6941
    endloop
  endfacet
  facet normal -1 0 0
    outer loop
      vertex -9.4 -5.52341 -13.9659
      vertex -9.4 -4.55158 13.8638
      vertex -9.4 -4.55158 -13.8638
    endloop
  endfacet
  facet normal -1 0 0
    outer loop
      vertex -9.4 -5.52341 -13.9659
      vertex -9.4 -5.52341 13.9659
      vertex -9.4 -4.55158 13.8638
    endloop
  endfacet
  facet normal -1 0 0
    outer loop
      vertex -9.4 -6.5 -14
      vertex -9.4 -5.52341 13.9659
      vertex -9.4 -5.52341 -13.9659
    endloop
  endfacet
  facet normal -1 0 0
    outer loop
      vertex -9.4 -6.5 -14
      vertex -9.4 -6.5 14
      vertex -9.4 -5.52341 13.9659
    endloop
  endfacet
  facet normal -1 0 0
    outer loop
      vertex -9.4 -7.47659 -13.9659
      vertex -9.4 -6.5 14
      vertex -9.4 -6.5 -14
    endloop
  endfacet
  facet normal -1 0 0
    outer loop
      vertex -9.4 -7.47659 -13.9659
      vertex -9.4 -7.47659 13.9659
      vertex -9.4 -6.5 14
    endloop
  endfacet
  facet normal -1 0 0
    outer loop
      vertex -9.4 -8.44842 -13.8638
      vertex -9.4 -7.47659 13.9659
      vertex -9.4 -7.47659 -13.9659
    endloop
  endfacet
  facet normal -1 0 0
    outer loop
      vertex -9.4 -8.44842 -13.8638
      vertex -9.4 -8.44842 13.8638
      vertex -9.4 -7.47659 13.9659
    endloop
  endfacet
  facet normal -1 0 0
    outer loop
      vertex -9.4 -9.41076 -13.6941
      vertex -9.4 -8.44842 13.8638
      vertex -9.4 -8.44842 -13.8638
    endloop
  endfacet
  facet normal -1 0 0
    outer loop
      vertex -9.4 -9.41076 -13.6941
      vertex -9.4 -9.41076 13.6941
      vertex -9.4 -8.44842 13.8638
    endloop
  endfacet
  facet normal -1 0 0
    outer loop
      vertex -9.4 -10.3589 -13.4577
      vertex -9.4 -9.41076 13.6941
      vertex -9.4 -9.41076 -13.6941
    endloop
  endfacet
  facet normal -1 0 0
    outer loop
      vertex -9.4 -10.3589 -13.4577
      vertex -9.4 -10.3589 13.4577
      vertex -9.4 -9.41076 13.6941
    endloop
  endfacet
  facet normal -1 0 0
    outer loop
      vertex -9.4 -11.2883 -13.1557
      vertex -9.4 -10.3589 13.4577
      vertex -9.4 -10.3589 -13.4577
    endloop
  endfacet
  facet normal -1 0 0
    outer loop
      vertex -9.4 -11.2883 -13.1557
      vertex -9.4 -11.2883 13.1557
      vertex -9.4 -10.3589 13.4577
    endloop
  endfacet
  facet normal -1 0 0
    outer loop
      vertex -9.4 -12.1943 -12.7896
      vertex -9.4 -11.2883 13.1557
      vertex -9.4 -11.2883 -13.1557
    endloop
  endfacet
  facet normal -1 0 0
    outer loop
      vertex -9.4 -12.1943 -12.7896
      vertex -9.4 -12.1943 12.7896
      vertex -9.4 -11.2883 13.1557
    endloop
  endfacet
  facet normal -1 0 0
    outer loop
      vertex -9.4 -13.0726 -12.3613
      vertex -9.4 -12.1943 12.7896
      vertex -9.4 -12.1943 -12.7896
    endloop
  endfacet
  facet normal -1 0 0
    outer loop
      vertex -9.4 -13.0726 -12.3613
      vertex -9.4 -13.0726 12.3613
      vertex -9.4 -12.1943 12.7896
    endloop
  endfacet
  facet normal -1 0 0
    outer loop
      vertex -9.4 -13.9189 -11.8727
      vertex -9.4 -13.0726 12.3613
      vertex -9.4 -13.0726 -12.3613
    endloop
  endfacet
  facet normal -1 0 0
    outer loop
      vertex -9.4 -13.9189 -11.8727
      vertex -9.4 -13.9189 11.8727
      vertex -9.4 -13.0726 12.3613
    endloop
  endfacet
  facet normal -1 0 0
    outer loop
      vertex -9.4 -14.729 -11.3262
      vertex -9.4 -13.9189 11.8727
      vertex -9.4 -13.9189 -11.8727
    endloop
  endfacet
  facet normal -1 0 0
    outer loop
      vertex -9.4 -14.729 -11.3262
      vertex -9.4 -14.729 11.3262
      vertex -9.4 -13.9189 11.8727
    endloop
  endfacet
  facet normal -1 0 0
    outer loop
      vertex -9.4 -15.499 -10.7246
      vertex -9.4 -14.729 11.3262
      vertex -9.4 -14.729 -11.3262
    endloop
  endfacet
  facet normal -1 0 0
    outer loop
      vertex -9.4 -15.499 -10.7246
      vertex -9.4 -15.499 10.7246
      vertex -9.4 -14.729 11.3262
    endloop
  endfacet
  facet normal -1 0 0
    outer loop
      vertex -9.4 -16.2252 -10.0708
      vertex -9.4 -15.499 10.7246
      vertex -9.4 -15.499 -10.7246
    endloop
  endfacet
  facet normal -1 0 0
    outer loop
      vertex -9.4 -16.2252 -10.0708
      vertex -9.4 -16.2252 10.0708
      vertex -9.4 -15.499 10.7246
    endloop
  endfacet
  facet normal -1 0 0
    outer loop
      vertex -9.4 -16.904 -9.36783
      vertex -9.4 -16.2252 10.0708
      vertex -9.4 -16.2252 -10.0708
    endloop
  endfacet
  facet normal -1 0 0
    outer loop
      vertex -9.4 -16.904 -9.36783
      vertex -9.4 -16.904 9.36783
      vertex -9.4 -16.2252 10.0708
    endloop
  endfacet
  facet normal -1 0 0
    outer loop
      vertex -9.4 -17.5322 -8.61926
      vertex -9.4 -16.904 9.36783
      vertex -9.4 -16.904 -9.36783
    endloop
  endfacet
  facet normal -1 0 0
    outer loop
      vertex -9.4 -17.5322 -8.61926
      vertex -9.4 -17.5322 8.61926
      vertex -9.4 -16.904 9.36783
    endloop
  endfacet
  facet normal -1 0 0
    outer loop
      vertex -9.4 -18.1065 -7.8287
      vertex -9.4 -17.5322 8.61926
      vertex -9.4 -17.5322 -8.61926
    endloop
  endfacet
  facet normal -1 0 0
    outer loop
      vertex -9.4 -18.1065 -7.8287
      vertex -9.4 -18.1065 7.8287
      vertex -9.4 -17.5322 8.61926
    endloop
  endfacet
  facet normal -1 0 0
    outer loop
      vertex -9.4 -18.6244 -7
      vertex -9.4 -18.1065 7.8287
      vertex -9.4 -18.1065 -7.8287
    endloop
  endfacet
  facet normal -1 0 0
    outer loop
      vertex -9.4 -18.6244 -7
      vertex -9.4 -18.6244 7
      vertex -9.4 -18.1065 7.8287
    endloop
  endfacet
  facet normal -1 0 0
    outer loop
      vertex -9.4 -19.0831 -6.1372
      vertex -9.4 -18.6244 7
      vertex -9.4 -18.6244 -7
    endloop
  endfacet
  facet normal -1 0 0
    outer loop
      vertex -9.4 -19.0831 -6.1372
      vertex -9.4 -19.0831 6.1372
      vertex -9.4 -18.6244 7
    endloop
  endfacet
  facet normal -1 0 0
    outer loop
      vertex -9.4 -19.4806 -5.24449
      vertex -9.4 -19.0831 6.1372
      vertex -9.4 -19.0831 -6.1372
    endloop
  endfacet
  facet normal -1 0 0
    outer loop
      vertex -9.4 -19.4806 -5.24449
      vertex -9.4 -19.4806 5.24449
      vertex -9.4 -19.0831 6.1372
    endloop
  endfacet
  facet normal -1 0 0
    outer loop
      vertex -9.4 -19.8148 -4.32624
      vertex -9.4 -19.4806 5.24449
      vertex -9.4 -19.4806 -5.24449
    endloop
  endfacet
  facet normal -1 0 0
    outer loop
      vertex -9.4 -19.8148 -4.32624
      vertex -9.4 -19.8148 4.32624
      vertex -9.4 -19.4806 5.24449
    endloop
  endfacet
  facet normal -1 0 0
    outer loop
      vertex -9.4 -20.0841 -3.38691
      vertex -9.4 -19.8148 4.32624
      vertex -9.4 -19.8148 -4.32624
    endloop
  endfacet
  facet normal -1 0 0
    outer loop
      vertex -9.4 -20.0841 -3.38691
      vertex -9.4 -20.0841 3.38691
      vertex -9.4 -19.8148 4.32624
    endloop
  endfacet
  facet normal -1 0 0
    outer loop
      vertex -9.4 -20.2873 -2.43107
      vertex -9.4 -20.0841 3.38691
      vertex -9.4 -20.0841 -3.38691
    endloop
  endfacet
  facet normal -1 0 0
    outer loop
      vertex -9.4 -20.2873 -2.43107
      vertex -9.4 -20.2873 2.43107
      vertex -9.4 -20.0841 3.38691
    endloop
  endfacet
  facet normal -1 0 0
    outer loop
      vertex -9.4 -20.4233 -1.4634
      vertex -9.4 -20.2873 2.43107
      vertex -9.4 -20.2873 -2.43107
    endloop
  endfacet
  facet normal -1 0 0
    outer loop
      vertex -9.4 -20.4233 -1.4634
      vertex -9.4 -20.4233 1.4634
      vertex -9.4 -20.2873 2.43107
    endloop
  endfacet
  facet normal -1 0 0
    outer loop
      vertex -9.4 -20.4915 -0.488592
      vertex -9.4 -20.4233 1.4634
      vertex -9.4 -20.4233 -1.4634
    endloop
  endfacet
  facet normal -1 0 0
    outer loop
      vertex -9.4 -20.4233 1.4634
      vertex -9.4 -20.4915 -0.488592
      vertex -9.4 -20.4915 0.488592
    endloop
  endfacet
  facet normal 0 -0.997562 -0.0697919
    outer loop
      vertex -9.4 -20.4233 -1.4634
      vertex -7.2 -20.4915 -0.488592
      vertex -9.4 -20.4915 -0.488592
    endloop
  endfacet
  facet normal 0 -0.997562 -0.0697919
    outer loop
      vertex -7.2 -20.4915 -0.488592
      vertex -9.4 -20.4233 -1.4634
      vertex -7.2 -20.4233 -1.4634
    endloop
  endfacet
  facet normal 0 0.173662 -0.984805
    outer loop
      vertex -9.4 -4.55158 -13.8638
      vertex -7.2 -3.58924 -13.6941
      vertex -7.2 -4.55158 -13.8638
    endloop
  endfacet
  facet normal 0 0.173662 -0.984805
    outer loop
      vertex -7.2 -3.58924 -13.6941
      vertex -9.4 -4.55158 -13.8638
      vertex -9.4 -3.58924 -13.6941
    endloop
  endfacet
  facet normal 0 0.104484 -0.994527
    outer loop
      vertex -9.4 -5.52341 -13.9659
      vertex -7.2 -4.55158 -13.8638
      vertex -7.2 -5.52341 -13.9659
    endloop
  endfacet
  facet normal 0 0.104484 -0.994527
    outer loop
      vertex -7.2 -4.55158 -13.8638
      vertex -9.4 -5.52341 -13.9659
      vertex -9.4 -4.55158 -13.8638
    endloop
  endfacet
  facet normal 0 0.374641 -0.92717
    outer loop
      vertex -9.4 -1.71172 -13.1557
      vertex -7.2 -0.805688 -12.7896
      vertex -7.2 -1.71172 -13.1557
    endloop
  endfacet
  facet normal 0 0.374641 -0.92717
    outer loop
      vertex -7.2 -0.805688 -12.7896
      vertex -9.4 -1.71172 -13.1557
      vertex -9.4 -0.805688 -12.7896
    endloop
  endfacet
  facet normal 0 0.615648 -0.788021
    outer loop
      vertex -9.4 1.72899 -11.3262
      vertex -7.2 2.49903 -10.7246
      vertex -7.2 1.72899 -11.3262
    endloop
  endfacet
  facet normal 0 0.615648 -0.788021
    outer loop
      vertex -7.2 2.49903 -10.7246
      vertex -9.4 1.72899 -11.3262
      vertex -9.4 2.49903 -10.7246
    endloop
  endfacet
  facet normal 0 0.669094 -0.743178
    outer loop
      vertex -9.4 2.49903 -10.7246
      vertex -7.2 3.22522 -10.0708
      vertex -7.2 2.49903 -10.7246
    endloop
  endfacet
  facet normal 0 0.669094 -0.743178
    outer loop
      vertex -7.2 3.22522 -10.0708
      vertex -9.4 2.49903 -10.7246
      vertex -9.4 3.22522 -10.0708
    endloop
  endfacet
  facet normal 0 0.961261 -0.275639
    outer loop
      vertex -7.2 6.81479 -4.32624
      vertex -9.4 7.08414 -3.38691
      vertex -7.2 7.08414 -3.38691
    endloop
  endfacet
  facet normal 0 0.961261 -0.275639
    outer loop
      vertex -9.4 7.08414 -3.38691
      vertex -7.2 6.81479 -4.32624
      vertex -9.4 6.81479 -4.32624
    endloop
  endfacet
  facet normal 0 0.997564 -0.0697512
    outer loop
      vertex -7.2 7.42331 -1.4634
      vertex -9.4 7.49147 -0.488592
      vertex -7.2 7.49147 -0.488592
    endloop
  endfacet
  facet normal 0 0.997564 -0.0697512
    outer loop
      vertex -9.4 7.49147 -0.488592
      vertex -7.2 7.42331 -1.4634
      vertex -9.4 7.42331 -1.4634
    endloop
  endfacet
  facet normal 0 0.848048 -0.52992
    outer loop
      vertex -7.2 5.10653 -7.8287
      vertex -9.4 5.62436 -7
      vertex -7.2 5.62436 -7
    endloop
  endfacet
  facet normal 0 0.848048 -0.52992
    outer loop
      vertex -9.4 5.62436 -7
      vertex -7.2 5.10653 -7.8287
      vertex -9.4 5.10653 -7.8287
    endloop
  endfacet
  facet normal -0 0.615648 0.788021
    outer loop
      vertex -9.4 2.49903 10.7246
      vertex -7.2 1.72899 11.3262
      vertex -7.2 2.49903 10.7246
    endloop
  endfacet
  facet normal 0 0.615648 0.788021
    outer loop
      vertex -7.2 1.72899 11.3262
      vertex -9.4 2.49903 10.7246
      vertex -9.4 1.72899 11.3262
    endloop
  endfacet
  facet normal -0 0.374641 0.92717
    outer loop
      vertex -9.4 -0.805688 12.7896
      vertex -7.2 -1.71172 13.1557
      vertex -7.2 -0.805688 12.7896
    endloop
  endfacet
  facet normal 0 0.374641 0.92717
    outer loop
      vertex -7.2 -1.71172 13.1557
      vertex -9.4 -0.805688 12.7896
      vertex -9.4 -1.71172 13.1557
    endloop
  endfacet
  facet normal -0 0.438313 0.898822
    outer loop
      vertex -9.4 0.0726013 12.3613
      vertex -7.2 -0.805688 12.7896
      vertex -7.2 0.0726013 12.3613
    endloop
  endfacet
  facet normal 0 0.438313 0.898822
    outer loop
      vertex -7.2 -0.805688 12.7896
      vertex -9.4 0.0726013 12.3613
      vertex -9.4 -0.805688 12.7896
    endloop
  endfacet
  facet normal -0 0.173662 0.984805
    outer loop
      vertex -9.4 -3.58924 13.6941
      vertex -7.2 -4.55158 13.8638
      vertex -7.2 -3.58924 13.6941
    endloop
  endfacet
  facet normal 0 0.173662 0.984805
    outer loop
      vertex -7.2 -4.55158 13.8638
      vertex -9.4 -3.58924 13.6941
      vertex -9.4 -4.55158 13.8638
    endloop
  endfacet
  facet normal -0 0.104484 0.994527
    outer loop
      vertex -9.4 -4.55158 13.8638
      vertex -7.2 -5.52341 13.9659
      vertex -7.2 -4.55158 13.8638
    endloop
  endfacet
  facet normal 0 0.104484 0.994527
    outer loop
      vertex -7.2 -5.52341 13.9659
      vertex -9.4 -4.55158 13.8638
      vertex -9.4 -5.52341 13.9659
    endloop
  endfacet
  facet normal 0 0.809015 0.587788
    outer loop
      vertex -7.2 5.10653 7.8287
      vertex -9.4 4.53215 8.61926
      vertex -7.2 4.53215 8.61926
    endloop
  endfacet
  facet normal 0 0.809015 0.587788
    outer loop
      vertex -9.4 4.53215 8.61926
      vertex -7.2 5.10653 7.8287
      vertex -9.4 5.10653 7.8287
    endloop
  endfacet
  facet normal 0 0.913549 0.406728
    outer loop
      vertex -7.2 6.48057 5.24449
      vertex -9.4 6.08312 6.1372
      vertex -7.2 6.08312 6.1372
    endloop
  endfacet
  facet normal 0 0.913549 0.406728
    outer loop
      vertex -9.4 6.08312 6.1372
      vertex -7.2 6.48057 5.24449
      vertex -9.4 6.48057 5.24449
    endloop
  endfacet
  facet normal 0 0.978148 0.207912
    outer loop
      vertex -7.2 7.28731 2.43107
      vertex -9.4 7.08414 3.38691
      vertex -7.2 7.08414 3.38691
    endloop
  endfacet
  facet normal 0 0.978148 0.207912
    outer loop
      vertex -9.4 7.08414 3.38691
      vertex -7.2 7.28731 2.43107
      vertex -9.4 7.28731 2.43107
    endloop
  endfacet
  facet normal 0 -0.0348962 -0.999391
    outer loop
      vertex -9.4 -7.47659 -13.9659
      vertex -7.2 -6.5 -14
      vertex -7.2 -7.47659 -13.9659
    endloop
  endfacet
  facet normal -0 -0.0348962 -0.999391
    outer loop
      vertex -7.2 -6.5 -14
      vertex -9.4 -7.47659 -13.9659
      vertex -9.4 -6.5 -14
    endloop
  endfacet
  facet normal 0 -0.499991 -0.866031
    outer loop
      vertex -9.4 -13.9189 -11.8727
      vertex -7.2 -13.0726 -12.3613
      vertex -7.2 -13.9189 -11.8727
    endloop
  endfacet
  facet normal -0 -0.499991 -0.866031
    outer loop
      vertex -7.2 -13.0726 -12.3613
      vertex -9.4 -13.9189 -11.8727
      vertex -9.4 -13.0726 -12.3613
    endloop
  endfacet
  facet normal 0 -0.241924 -0.970295
    outer loop
      vertex -9.4 -10.3589 -13.4577
      vertex -7.2 -9.41076 -13.6941
      vertex -7.2 -10.3589 -13.4577
    endloop
  endfacet
  facet normal -0 -0.241924 -0.970295
    outer loop
      vertex -7.2 -9.41076 -13.6941
      vertex -9.4 -10.3589 -13.4577
      vertex -9.4 -9.41076 -13.6941
    endloop
  endfacet
  facet normal 0 -0.669089 -0.743182
    outer loop
      vertex -9.4 -16.2252 -10.0708
      vertex -7.2 -15.499 -10.7246
      vertex -7.2 -16.2252 -10.0708
    endloop
  endfacet
  facet normal -0 -0.669089 -0.743182
    outer loop
      vertex -7.2 -15.499 -10.7246
      vertex -9.4 -16.2252 -10.0708
      vertex -9.4 -15.499 -10.7246
    endloop
  endfacet
  facet normal 0 -0.615668 0.788006
    outer loop
      vertex -9.4 -14.729 11.3262
      vertex -7.2 -15.499 10.7246
      vertex -7.2 -14.729 11.3262
    endloop
  endfacet
  facet normal 0 -0.615668 0.788006
    outer loop
      vertex -7.2 -15.499 10.7246
      vertex -9.4 -14.729 11.3262
      vertex -9.4 -15.499 10.7246
    endloop
  endfacet
  facet normal 0 -0.55925 0.828999
    outer loop
      vertex -9.4 -13.9189 11.8727
      vertex -7.2 -14.729 11.3262
      vertex -7.2 -13.9189 11.8727
    endloop
  endfacet
  facet normal 0 -0.55925 0.828999
    outer loop
      vertex -7.2 -14.729 11.3262
      vertex -9.4 -13.9189 11.8727
      vertex -9.4 -14.729 11.3262
    endloop
  endfacet
  facet normal 0 -0.499991 0.866031
    outer loop
      vertex -9.4 -13.0726 12.3613
      vertex -7.2 -13.9189 11.8727
      vertex -7.2 -13.0726 12.3613
    endloop
  endfacet
  facet normal 0 -0.499991 0.866031
    outer loop
      vertex -7.2 -13.9189 11.8727
      vertex -9.4 -13.0726 12.3613
      vertex -9.4 -13.9189 11.8727
    endloop
  endfacet
  facet normal 0 -0.241924 0.970295
    outer loop
      vertex -9.4 -9.41076 13.6941
      vertex -7.2 -10.3589 13.4577
      vertex -7.2 -9.41076 13.6941
    endloop
  endfacet
  facet normal 0 -0.241924 0.970295
    outer loop
      vertex -7.2 -10.3589 13.4577
      vertex -9.4 -9.41076 13.6941
      vertex -9.4 -10.3589 13.4577
    endloop
  endfacet
  facet normal 0 -0.0348962 0.999391
    outer loop
      vertex -9.4 -6.5 14
      vertex -7.2 -7.47659 13.9659
      vertex -7.2 -6.5 14
    endloop
  endfacet
  facet normal 0 -0.0348962 0.999391
    outer loop
      vertex -7.2 -7.47659 13.9659
      vertex -9.4 -6.5 14
      vertex -9.4 -7.47659 13.9659
    endloop
  endfacet
  facet normal 0 -0.939698 -0.342006
    outer loop
      vertex -9.4 -19.4806 -5.24449
      vertex -7.2 -19.8148 -4.32624
      vertex -9.4 -19.8148 -4.32624
    endloop
  endfacet
  facet normal 0 -0.939698 -0.342006
    outer loop
      vertex -7.2 -19.8148 -4.32624
      vertex -9.4 -19.4806 -5.24449
      vertex -7.2 -19.4806 -5.24449
    endloop
  endfacet
  facet normal 0 -0.978141 -0.207941
    outer loop
      vertex -9.4 -20.0841 -3.38691
      vertex -7.2 -20.2873 -2.43107
      vertex -9.4 -20.2873 -2.43107
    endloop
  endfacet
  facet normal 0 -0.978141 -0.207941
    outer loop
      vertex -7.2 -20.2873 -2.43107
      vertex -9.4 -20.0841 -3.38691
      vertex -7.2 -20.0841 -3.38691
    endloop
  endfacet
  facet normal 0 0.939691 -0.342024
    outer loop
      vertex -7.2 6.48057 -5.24449
      vertex -9.4 6.81479 -4.32624
      vertex -7.2 6.81479 -4.32624
    endloop
  endfacet
  facet normal 0 0.939691 -0.342024
    outer loop
      vertex -9.4 6.81479 -4.32624
      vertex -7.2 6.48057 -5.24449
      vertex -9.4 6.48057 -5.24449
    endloop
  endfacet
  facet normal -0 0.669094 0.743178
    outer loop
      vertex -9.4 3.22522 10.0708
      vertex -7.2 2.49903 10.7246
      vertex -7.2 3.22522 10.0708
    endloop
  endfacet
  facet normal 0 0.669094 0.743178
    outer loop
      vertex -7.2 2.49903 10.7246
      vertex -9.4 3.22522 10.0708
      vertex -9.4 2.49903 10.7246
    endloop
  endfacet
  facet normal 0 0.939691 0.342024
    outer loop
      vertex -7.2 6.81479 4.32624
      vertex -9.4 6.48057 5.24449
      vertex -7.2 6.48057 5.24449
    endloop
  endfacet
  facet normal 0 0.939691 0.342024
    outer loop
      vertex -9.4 6.48057 5.24449
      vertex -7.2 6.81479 4.32624
      vertex -9.4 6.81479 4.32624
    endloop
  endfacet
  facet normal 0 0.990268 0.139176
    outer loop
      vertex -7.2 7.42331 1.4634
      vertex -9.4 7.28731 2.43107
      vertex -7.2 7.28731 2.43107
    endloop
  endfacet
  facet normal 0 0.990268 0.139176
    outer loop
      vertex -9.4 7.28731 2.43107
      vertex -7.2 7.42331 1.4634
      vertex -9.4 7.42331 1.4634
    endloop
  endfacet
  facet normal 0 -0.438309 -0.898824
    outer loop
      vertex -9.4 -13.0726 -12.3613
      vertex -7.2 -12.1943 -12.7896
      vertex -7.2 -13.0726 -12.3613
    endloop
  endfacet
  facet normal -0 -0.438309 -0.898824
    outer loop
      vertex -7.2 -12.1943 -12.7896
      vertex -9.4 -13.0726 -12.3613
      vertex -9.4 -12.1943 -12.7896
    endloop
  endfacet
  facet normal 0 -0.309035 -0.951051
    outer loop
      vertex -9.4 -11.2883 -13.1557
      vertex -7.2 -10.3589 -13.4577
      vertex -7.2 -11.2883 -13.1557
    endloop
  endfacet
  facet normal -0 -0.309035 -0.951051
    outer loop
      vertex -7.2 -10.3589 -13.4577
      vertex -9.4 -11.2883 -13.1557
      vertex -9.4 -10.3589 -13.4577
    endloop
  endfacet
  facet normal 0 -0.882973 -0.469425
    outer loop
      vertex -9.4 -18.6244 -7
      vertex -7.2 -19.0831 -6.1372
      vertex -9.4 -19.0831 -6.1372
    endloop
  endfacet
  facet normal 0 -0.882973 -0.469425
    outer loop
      vertex -7.2 -19.0831 -6.1372
      vertex -9.4 -18.6244 -7
      vertex -7.2 -18.6244 -7
    endloop
  endfacet
  facet normal 0 -0.374653 0.927165
    outer loop
      vertex -9.4 -11.2883 13.1557
      vertex -7.2 -12.1943 12.7896
      vertex -7.2 -11.2883 13.1557
    endloop
  endfacet
  facet normal 0 -0.374653 0.927165
    outer loop
      vertex -7.2 -12.1943 12.7896
      vertex -9.4 -11.2883 13.1557
      vertex -9.4 -12.1943 12.7896
    endloop
  endfacet
  facet normal 0 -0.309035 0.951051
    outer loop
      vertex -9.4 -10.3589 13.4577
      vertex -7.2 -11.2883 13.1557
      vertex -7.2 -10.3589 13.4577
    endloop
  endfacet
  facet normal 0 -0.309035 0.951051
    outer loop
      vertex -7.2 -11.2883 13.1557
      vertex -9.4 -10.3589 13.4577
      vertex -9.4 -11.2883 13.1557
    endloop
  endfacet
  facet normal 0 -0.104484 0.994527
    outer loop
      vertex -9.4 -7.47659 13.9659
      vertex -7.2 -8.44842 13.8638
      vertex -7.2 -7.47659 13.9659
    endloop
  endfacet
  facet normal 0 -0.104484 0.994527
    outer loop
      vertex -7.2 -8.44842 13.8638
      vertex -9.4 -7.47659 13.9659
      vertex -9.4 -8.44842 13.8638
    endloop
  endfacet
  facet normal 0 -0.173662 0.984805
    outer loop
      vertex -9.4 -8.44842 13.8638
      vertex -7.2 -9.41076 13.6941
      vertex -7.2 -8.44842 13.8638
    endloop
  endfacet
  facet normal 0 -0.173662 0.984805
    outer loop
      vertex -7.2 -9.41076 13.6941
      vertex -9.4 -8.44842 13.8638
      vertex -9.4 -9.41076 13.6941
    endloop
  endfacet
  facet normal 0 -0.961275 -0.275591
    outer loop
      vertex -9.4 -19.8148 -4.32624
      vertex -7.2 -20.0841 -3.38691
      vertex -9.4 -20.0841 -3.38691
    endloop
  endfacet
  facet normal 0 -0.961275 -0.275591
    outer loop
      vertex -7.2 -20.0841 -3.38691
      vertex -9.4 -19.8148 -4.32624
      vertex -7.2 -19.8148 -4.32624
    endloop
  endfacet
  facet normal 0 -0.990268 -0.139176
    outer loop
      vertex -9.4 -20.2873 -2.43107
      vertex -7.2 -20.4233 -1.4634
      vertex -9.4 -20.4233 -1.4634
    endloop
  endfacet
  facet normal 0 -0.990268 -0.139176
    outer loop
      vertex -7.2 -20.4233 -1.4634
      vertex -9.4 -20.2873 -2.43107
      vertex -7.2 -20.2873 -2.43107
    endloop
  endfacet
  facet normal 0 -0.173662 -0.984805
    outer loop
      vertex -9.4 -9.41076 -13.6941
      vertex -7.2 -8.44842 -13.8638
      vertex -7.2 -9.41076 -13.6941
    endloop
  endfacet
  facet normal -0 -0.173662 -0.984805
    outer loop
      vertex -7.2 -8.44842 -13.8638
      vertex -9.4 -9.41076 -13.6941
      vertex -9.4 -8.44842 -13.8638
    endloop
  endfacet
  facet normal 0 -0.104484 -0.994527
    outer loop
      vertex -9.4 -8.44842 -13.8638
      vertex -7.2 -7.47659 -13.9659
      vertex -7.2 -8.44842 -13.8638
    endloop
  endfacet
  facet normal -0 -0.104484 -0.994527
    outer loop
      vertex -7.2 -7.47659 -13.9659
      vertex -9.4 -8.44842 -13.8638
      vertex -9.4 -7.47659 -13.9659
    endloop
  endfacet
  facet normal 0 -0.55925 -0.828999
    outer loop
      vertex -9.4 -14.729 -11.3262
      vertex -7.2 -13.9189 -11.8727
      vertex -7.2 -14.729 -11.3262
    endloop
  endfacet
  facet normal -0 -0.55925 -0.828999
    outer loop
      vertex -7.2 -13.9189 -11.8727
      vertex -9.4 -14.729 -11.3262
      vertex -9.4 -13.9189 -11.8727
    endloop
  endfacet
  facet normal 0 -0.615668 -0.788006
    outer loop
      vertex -9.4 -15.499 -10.7246
      vertex -7.2 -14.729 -11.3262
      vertex -7.2 -15.499 -10.7246
    endloop
  endfacet
  facet normal -0 -0.615668 -0.788006
    outer loop
      vertex -7.2 -14.729 -11.3262
      vertex -9.4 -15.499 -10.7246
      vertex -9.4 -14.729 -11.3262
    endloop
  endfacet
  facet normal 0 -0.766007 -0.642833
    outer loop
      vertex -9.4 -16.904 -9.36783
      vertex -7.2 -17.5322 -8.61926
      vertex -9.4 -17.5322 -8.61926
    endloop
  endfacet
  facet normal 0 -0.766007 -0.642833
    outer loop
      vertex -7.2 -17.5322 -8.61926
      vertex -9.4 -16.904 -9.36783
      vertex -7.2 -16.904 -9.36783
    endloop
  endfacet
  facet normal 0 -0.719365 0.694632
    outer loop
      vertex -9.4 -16.904 9.36783
      vertex -7.2 -16.2252 10.0708
      vertex -9.4 -16.2252 10.0708
    endloop
  endfacet
  facet normal 0 -0.719365 0.694632
    outer loop
      vertex -7.2 -16.2252 10.0708
      vertex -9.4 -16.904 9.36783
      vertex -7.2 -16.904 9.36783
    endloop
  endfacet
  facet normal 0 -0.978141 0.207941
    outer loop
      vertex -9.4 -20.2873 2.43107
      vertex -7.2 -20.0841 3.38691
      vertex -9.4 -20.0841 3.38691
    endloop
  endfacet
  facet normal 0 -0.978141 0.207941
    outer loop
      vertex -7.2 -20.0841 3.38691
      vertex -9.4 -20.2873 2.43107
      vertex -7.2 -20.2873 2.43107
    endloop
  endfacet
  facet normal 0 -0.990268 0.139176
    outer loop
      vertex -9.4 -20.4233 1.4634
      vertex -7.2 -20.2873 2.43107
      vertex -9.4 -20.2873 2.43107
    endloop
  endfacet
  facet normal 0 -0.990268 0.139176
    outer loop
      vertex -7.2 -20.2873 2.43107
      vertex -9.4 -20.4233 1.4634
      vertex -7.2 -20.4233 1.4634
    endloop
  endfacet
  facet normal 0 -0.669089 0.743182
    outer loop
      vertex -9.4 -15.499 10.7246
      vertex -7.2 -16.2252 10.0708
      vertex -7.2 -15.499 10.7246
    endloop
  endfacet
  facet normal 0 -0.669089 0.743182
    outer loop
      vertex -7.2 -16.2252 10.0708
      vertex -9.4 -15.499 10.7246
      vertex -9.4 -16.2252 10.0708
    endloop
  endfacet
  facet normal 0 -0.438309 0.898824
    outer loop
      vertex -9.4 -12.1943 12.7896
      vertex -7.2 -13.0726 12.3613
      vertex -7.2 -12.1943 12.7896
    endloop
  endfacet
  facet normal 0 -0.438309 0.898824
    outer loop
      vertex -7.2 -13.0726 12.3613
      vertex -9.4 -12.1943 12.7896
      vertex -9.4 -13.0726 12.3613
    endloop
  endfacet
  facet normal 0 -0.374653 -0.927165
    outer loop
      vertex -9.4 -12.1943 -12.7896
      vertex -7.2 -11.2883 -13.1557
      vertex -7.2 -12.1943 -12.7896
    endloop
  endfacet
  facet normal -0 -0.374653 -0.927165
    outer loop
      vertex -7.2 -11.2883 -13.1557
      vertex -9.4 -12.1943 -12.7896
      vertex -9.4 -11.2883 -13.1557
    endloop
  endfacet
  facet normal 0 -0.809054 -0.587735
    outer loop
      vertex -9.4 -17.5322 -8.61926
      vertex -7.2 -18.1065 -7.8287
      vertex -9.4 -18.1065 -7.8287
    endloop
  endfacet
  facet normal 0 -0.809054 -0.587735
    outer loop
      vertex -7.2 -18.1065 -7.8287
      vertex -9.4 -17.5322 -8.61926
      vertex -7.2 -17.5322 -8.61926
    endloop
  endfacet
  facet normal 0 -0.848016 -0.529971
    outer loop
      vertex -9.4 -18.1065 -7.8287
      vertex -7.2 -18.6244 -7
      vertex -9.4 -18.6244 -7
    endloop
  endfacet
  facet normal 0 -0.848016 -0.529971
    outer loop
      vertex -7.2 -18.6244 -7
      vertex -9.4 -18.1065 -7.8287
      vertex -7.2 -18.1065 -7.8287
    endloop
  endfacet
  facet normal 0 -0.809054 0.587735
    outer loop
      vertex -9.4 -18.1065 7.8287
      vertex -7.2 -17.5322 8.61926
      vertex -9.4 -17.5322 8.61926
    endloop
  endfacet
  facet normal 0 -0.809054 0.587735
    outer loop
      vertex -7.2 -17.5322 8.61926
      vertex -9.4 -18.1065 7.8287
      vertex -7.2 -18.1065 7.8287
    endloop
  endfacet
  facet normal 0 -0.766007 0.642833
    outer loop
      vertex -9.4 -17.5322 8.61926
      vertex -7.2 -16.904 9.36783
      vertex -9.4 -16.904 9.36783
    endloop
  endfacet
  facet normal 0 -0.766007 0.642833
    outer loop
      vertex -7.2 -16.904 9.36783
      vertex -9.4 -17.5322 8.61926
      vertex -7.2 -17.5322 8.61926
    endloop
  endfacet
  facet normal 0 -0.882973 0.469425
    outer loop
      vertex -9.4 -19.0831 6.1372
      vertex -7.2 -18.6244 7
      vertex -9.4 -18.6244 7
    endloop
  endfacet
  facet normal 0 -0.882973 0.469425
    outer loop
      vertex -7.2 -18.6244 7
      vertex -9.4 -19.0831 6.1372
      vertex -7.2 -19.0831 6.1372
    endloop
  endfacet
  facet normal 0 -0.939698 0.342006
    outer loop
      vertex -9.4 -19.8148 4.32624
      vertex -7.2 -19.4806 5.24449
      vertex -9.4 -19.4806 5.24449
    endloop
  endfacet
  facet normal 0 -0.939698 0.342006
    outer loop
      vertex -7.2 -19.4806 5.24449
      vertex -9.4 -19.8148 4.32624
      vertex -7.2 -19.8148 4.32624
    endloop
  endfacet
  facet normal 0 -0.961275 0.275591
    outer loop
      vertex -9.4 -20.0841 3.38691
      vertex -7.2 -19.8148 4.32624
      vertex -9.4 -19.8148 4.32624
    endloop
  endfacet
  facet normal 0 -0.961275 0.275591
    outer loop
      vertex -7.2 -19.8148 4.32624
      vertex -9.4 -20.0841 3.38691
      vertex -7.2 -20.0841 3.38691
    endloop
  endfacet
  facet normal 0 -0.997562 0.0697919
    outer loop
      vertex -9.4 -20.4915 0.488592
      vertex -7.2 -20.4233 1.4634
      vertex -9.4 -20.4233 1.4634
    endloop
  endfacet
  facet normal 0 -0.997562 0.0697919
    outer loop
      vertex -7.2 -20.4233 1.4634
      vertex -9.4 -20.4915 0.488592
      vertex -7.2 -20.4915 0.488592
    endloop
  endfacet
  facet normal 0 -0.91353 0.406771
    outer loop
      vertex -9.4 -19.4806 5.24449
      vertex -7.2 -19.0831 6.1372
      vertex -9.4 -19.0831 6.1372
    endloop
  endfacet
  facet normal 0 -0.91353 0.406771
    outer loop
      vertex -7.2 -19.0831 6.1372
      vertex -9.4 -19.4806 5.24449
      vertex -7.2 -19.4806 5.24449
    endloop
  endfacet
  facet normal 0 -0.848016 0.529971
    outer loop
      vertex -9.4 -18.6244 7
      vertex -7.2 -18.1065 7.8287
      vertex -9.4 -18.1065 7.8287
    endloop
  endfacet
  facet normal 0 -0.848016 0.529971
    outer loop
      vertex -7.2 -18.1065 7.8287
      vertex -9.4 -18.6244 7
      vertex -7.2 -18.6244 7
    endloop
  endfacet
  facet normal 0 -0.0348582 0.999392
    outer loop
      vertex -8.2 -5.61409 -12.6691
      vertex -7.2 -6.5 -12.7
      vertex -7.2 -5.61409 -12.6691
    endloop
  endfacet
  facet normal 0 -0.0348582 0.999392
    outer loop
      vertex -7.2 -6.5 -12.7
      vertex -8.2 -5.61409 -12.6691
      vertex -8.2 -6.5 -12.7
    endloop
  endfacet
  facet normal 0 -0.0348582 -0.999392
    outer loop
      vertex -8.2 -6.5 12.7
      vertex -7.2 -5.61409 12.6691
      vertex -7.2 -6.5 12.7
    endloop
  endfacet
  facet normal -0 -0.0348582 -0.999392
    outer loop
      vertex -7.2 -5.61409 12.6691
      vertex -8.2 -6.5 12.7
      vertex -8.2 -5.61409 12.6691
    endloop
  endfacet
  facet normal 0 -1 0
    outer loop
      vertex -8.2 6.19226 -0.443223
      vertex -7.2 6.19226 0.443223
      vertex -8.2 6.19226 0.443223
    endloop
  endfacet
  facet normal 0 -1 -0
    outer loop
      vertex -7.2 6.19226 0.443223
      vertex -8.2 6.19226 -0.443223
      vertex -7.2 6.19226 -0.443223
    endloop
  endfacet
  facet normal 0 1 -0
    outer loop
      vertex -7.2 -19.1923 -0.443223
      vertex -8.2 -19.1923 0.443223
      vertex -7.2 -19.1923 0.443223
    endloop
  endfacet
  facet normal 0 1 0
    outer loop
      vertex -8.2 -19.1923 0.443223
      vertex -7.2 -19.1923 -0.443223
      vertex -8.2 -19.1923 -0.443223
    endloop
  endfacet
  facet normal 0 -0.71934 0.694658
    outer loop
      vertex -8.2 2.32216 -9.13562
      vertex -7.2 2.93794 -8.49796
      vertex -8.2 2.93794 -8.49796
    endloop
  endfacet
  facet normal 0 -0.71934 0.694658
    outer loop
      vertex -7.2 2.93794 -8.49796
      vertex -8.2 2.32216 -9.13562
      vertex -7.2 2.32216 -9.13562
    endloop
  endfacet
  facet normal 0 -0.71934 -0.694658
    outer loop
      vertex -8.2 2.93794 8.49796
      vertex -7.2 2.32216 9.13562
      vertex -8.2 2.32216 9.13562
    endloop
  endfacet
  facet normal 0 -0.71934 -0.694658
    outer loop
      vertex -7.2 2.32216 9.13562
      vertex -8.2 2.93794 8.49796
      vertex -7.2 2.93794 8.49796
    endloop
  endfacet
  facet normal 0 -0.374637 0.927172
    outer loop
      vertex -8.2 -1.33444 -11.602
      vertex -7.2 -2.15634 -11.9341
      vertex -7.2 -1.33444 -11.602
    endloop
  endfacet
  facet normal 0 -0.374637 0.927172
    outer loop
      vertex -7.2 -2.15634 -11.9341
      vertex -8.2 -1.33444 -11.602
      vertex -8.2 -2.15634 -11.9341
    endloop
  endfacet
  facet normal 0 -0.913546 0.406736
    outer loop
      vertex -8.2 4.91468 -5.56731
      vertex -7.2 5.27523 -4.7575
      vertex -8.2 5.27523 -4.7575
    endloop
  endfacet
  facet normal 0 -0.913546 0.406736
    outer loop
      vertex -7.2 5.27523 -4.7575
      vertex -8.2 4.91468 -5.56731
      vertex -7.2 4.91468 -5.56731
    endloop
  endfacet
  facet normal 0 -0.809017 0.587785
    outer loop
      vertex -8.2 3.50774 -7.8189
      vertex -7.2 4.02878 -7.10175
      vertex -8.2 4.02878 -7.10175
    endloop
  endfacet
  facet normal 0 -0.809017 0.587785
    outer loop
      vertex -7.2 4.02878 -7.10175
      vertex -8.2 3.50774 -7.8189
      vertex -7.2 3.50774 -7.8189
    endloop
  endfacet
  facet normal 0 -0.559197 -0.829035
    outer loop
      vertex -8.2 0.229974 10.7702
      vertex -7.2 0.964872 10.2745
      vertex -7.2 0.229974 10.7702
    endloop
  endfacet
  facet normal -0 -0.559197 -0.829035
    outer loop
      vertex -7.2 0.964872 10.2745
      vertex -8.2 0.229974 10.7702
      vertex -8.2 0.964872 10.2745
    endloop
  endfacet
  facet normal 0 -0.615655 -0.788016
    outer loop
      vertex -8.2 0.964872 10.2745
      vertex -7.2 1.6634 9.72876
      vertex -7.2 0.964872 10.2745
    endloop
  endfacet
  facet normal -0 -0.615655 -0.788016
    outer loop
      vertex -7.2 1.6634 9.72876
      vertex -8.2 0.964872 10.2745
      vertex -8.2 1.6634 9.72876
    endloop
  endfacet
  facet normal 0 -0.978146 -0.207919
    outer loop
      vertex -8.2 6.00706 2.20533
      vertex -7.2 5.82275 3.07241
      vertex -8.2 5.82275 3.07241
    endloop
  endfacet
  facet normal 0 -0.978146 -0.207919
    outer loop
      vertex -7.2 5.82275 3.07241
      vertex -8.2 6.00706 2.20533
      vertex -7.2 6.00706 2.20533
    endloop
  endfacet
  facet normal 0 -0.241976 0.970282
    outer loop
      vertex -8.2 -2.99941 -12.208
      vertex -7.2 -3.85952 -12.4225
      vertex -7.2 -2.99941 -12.208
    endloop
  endfacet
  facet normal 0 -0.241976 0.970282
    outer loop
      vertex -7.2 -3.85952 -12.4225
      vertex -8.2 -2.99941 -12.208
      vertex -8.2 -3.85952 -12.4225
    endloop
  endfacet
  facet normal 0 -0.308986 0.951066
    outer loop
      vertex -8.2 -2.15634 -11.9341
      vertex -7.2 -2.99941 -12.208
      vertex -7.2 -2.15634 -11.9341
    endloop
  endfacet
  facet normal 0 -0.308986 0.951066
    outer loop
      vertex -7.2 -2.99941 -12.208
      vertex -8.2 -2.15634 -11.9341
      vertex -8.2 -2.99941 -12.208
    endloop
  endfacet
  facet normal 0 -0.49998 0.866037
    outer loop
      vertex -8.2 0.229974 -10.7702
      vertex -7.2 -0.537712 -11.2134
      vertex -7.2 0.229974 -10.7702
    endloop
  endfacet
  facet normal 0 -0.49998 0.866037
    outer loop
      vertex -7.2 -0.537712 -11.2134
      vertex -8.2 0.229974 -10.7702
      vertex -8.2 -0.537712 -11.2134
    endloop
  endfacet
  facet normal 0 -0.43838 0.89879
    outer loop
      vertex -8.2 -0.537712 -11.2134
      vertex -7.2 -1.33444 -11.602
      vertex -7.2 -0.537712 -11.2134
    endloop
  endfacet
  facet normal 0 -0.43838 0.89879
    outer loop
      vertex -7.2 -1.33444 -11.602
      vertex -8.2 -0.537712 -11.2134
      vertex -8.2 -1.33444 -11.602
    endloop
  endfacet
  facet normal 0 -0.978146 0.207919
    outer loop
      vertex -8.2 5.82275 -3.07241
      vertex -7.2 6.00706 -2.20533
      vertex -8.2 6.00706 -2.20533
    endloop
  endfacet
  facet normal 0 -0.978146 0.207919
    outer loop
      vertex -7.2 6.00706 -2.20533
      vertex -8.2 5.82275 -3.07241
      vertex -7.2 5.82275 -3.07241
    endloop
  endfacet
  facet normal 0 -0.939689 0.34203
    outer loop
      vertex -8.2 5.27523 -4.7575
      vertex -7.2 5.57842 -3.92452
      vertex -8.2 5.57842 -3.92452
    endloop
  endfacet
  facet normal 0 -0.939689 0.34203
    outer loop
      vertex -7.2 5.57842 -3.92452
      vertex -8.2 5.27523 -4.7575
      vertex -7.2 5.27523 -4.7575
    endloop
  endfacet
  facet normal 0 -0.766044 0.642788
    outer loop
      vertex -8.2 2.93794 -8.49796
      vertex -7.2 3.50774 -7.8189
      vertex -8.2 3.50774 -7.8189
    endloop
  endfacet
  facet normal 0 -0.766044 0.642788
    outer loop
      vertex -7.2 3.50774 -7.8189
      vertex -8.2 2.93794 -8.49796
      vertex -7.2 2.93794 -8.49796
    endloop
  endfacet
  facet normal 0 -0.241976 -0.970282
    outer loop
      vertex -8.2 -3.85952 12.4225
      vertex -7.2 -2.99941 12.208
      vertex -7.2 -3.85952 12.4225
    endloop
  endfacet
  facet normal -0 -0.241976 -0.970282
    outer loop
      vertex -7.2 -2.99941 12.208
      vertex -8.2 -3.85952 12.4225
      vertex -8.2 -2.99941 12.208
    endloop
  endfacet
  facet normal 0 -0.669124 -0.743151
    outer loop
      vertex -8.2 1.6634 9.72876
      vertex -7.2 2.32216 9.13562
      vertex -7.2 1.6634 9.72876
    endloop
  endfacet
  facet normal -0 -0.669124 -0.743151
    outer loop
      vertex -7.2 2.32216 9.13562
      vertex -8.2 1.6634 9.72876
      vertex -8.2 2.32216 9.13562
    endloop
  endfacet
  facet normal 0 -0.43838 -0.89879
    outer loop
      vertex -8.2 -1.33444 11.602
      vertex -7.2 -0.537712 11.2134
      vertex -7.2 -1.33444 11.602
    endloop
  endfacet
  facet normal -0 -0.43838 -0.89879
    outer loop
      vertex -7.2 -0.537712 11.2134
      vertex -8.2 -1.33444 11.602
      vertex -8.2 -0.537712 11.2134
    endloop
  endfacet
  facet normal 0 -0.308986 -0.951066
    outer loop
      vertex -8.2 -2.99941 12.208
      vertex -7.2 -2.15634 11.9341
      vertex -7.2 -2.99941 12.208
    endloop
  endfacet
  facet normal -0 -0.308986 -0.951066
    outer loop
      vertex -7.2 -2.15634 11.9341
      vertex -8.2 -2.99941 12.208
      vertex -8.2 -2.15634 11.9341
    endloop
  endfacet
  facet normal 0 -0.173615 -0.984814
    outer loop
      vertex -8.2 -4.7325 12.5764
      vertex -7.2 -3.85952 12.4225
      vertex -7.2 -4.7325 12.5764
    endloop
  endfacet
  facet normal -0 -0.173615 -0.984814
    outer loop
      vertex -7.2 -3.85952 12.4225
      vertex -8.2 -4.7325 12.5764
      vertex -8.2 -3.85952 12.4225
    endloop
  endfacet
  facet normal 0 -0.882949 -0.469468
    outer loop
      vertex -8.2 4.91468 5.56731
      vertex -7.2 4.49852 6.35
      vertex -8.2 4.49852 6.35
    endloop
  endfacet
  facet normal 0 -0.882949 -0.469468
    outer loop
      vertex -7.2 4.49852 6.35
      vertex -8.2 4.91468 5.56731
      vertex -7.2 4.91468 5.56731
    endloop
  endfacet
  facet normal 0 -0.848051 -0.529915
    outer loop
      vertex -8.2 4.49852 6.35
      vertex -7.2 4.02878 7.10175
      vertex -8.2 4.02878 7.10175
    endloop
  endfacet
  facet normal 0 -0.848051 -0.529915
    outer loop
      vertex -7.2 4.02878 7.10175
      vertex -8.2 4.49852 6.35
      vertex -7.2 4.49852 6.35
    endloop
  endfacet
  facet normal 0 -0.809017 -0.587785
    outer loop
      vertex -8.2 4.02878 7.10175
      vertex -7.2 3.50774 7.8189
      vertex -8.2 3.50774 7.8189
    endloop
  endfacet
  facet normal 0 -0.809017 -0.587785
    outer loop
      vertex -7.2 3.50774 7.8189
      vertex -8.2 4.02878 7.10175
      vertex -7.2 4.02878 7.10175
    endloop
  endfacet
  facet normal 0 -0.961264 -0.275628
    outer loop
      vertex -8.2 5.82275 3.07241
      vertex -7.2 5.57842 3.92452
      vertex -8.2 5.57842 3.92452
    endloop
  endfacet
  facet normal 0 -0.961264 -0.275628
    outer loop
      vertex -7.2 5.57842 3.92452
      vertex -8.2 5.82275 3.07241
      vertex -7.2 5.82275 3.07241
    endloop
  endfacet
  facet normal 0 -0.990268 -0.139174
    outer loop
      vertex -8.2 6.13043 1.32751
      vertex -7.2 6.00706 2.20533
      vertex -8.2 6.00706 2.20533
    endloop
  endfacet
  facet normal 0 -0.990268 -0.139174
    outer loop
      vertex -7.2 6.00706 2.20533
      vertex -8.2 6.13043 1.32751
      vertex -7.2 6.13043 1.32751
    endloop
  endfacet
  facet normal 0 0.719386 0.694611
    outer loop
      vertex -7.2 -15.3222 -9.13562
      vertex -8.2 -15.9379 -8.49796
      vertex -7.2 -15.9379 -8.49796
    endloop
  endfacet
  facet normal 0 0.719386 0.694611
    outer loop
      vertex -8.2 -15.9379 -8.49796
      vertex -7.2 -15.3222 -9.13562
      vertex -8.2 -15.3222 -9.13562
    endloop
  endfacet
  facet normal 0 0.913567 0.406689
    outer loop
      vertex -7.2 -17.9147 -5.56731
      vertex -8.2 -18.2752 -4.7575
      vertex -7.2 -18.2752 -4.7575
    endloop
  endfacet
  facet normal 0 0.913567 0.406689
    outer loop
      vertex -8.2 -18.2752 -4.7575
      vertex -7.2 -17.9147 -5.56731
      vertex -8.2 -17.9147 -5.56731
    endloop
  endfacet
  facet normal 0 -0.173615 0.984814
    outer loop
      vertex -8.2 -3.85952 -12.4225
      vertex -7.2 -4.7325 -12.5764
      vertex -7.2 -3.85952 -12.4225
    endloop
  endfacet
  facet normal 0 -0.173615 0.984814
    outer loop
      vertex -7.2 -4.7325 -12.5764
      vertex -8.2 -3.85952 -12.4225
      vertex -8.2 -4.7325 -12.5764
    endloop
  endfacet
  facet normal 0 -0.104574 0.994517
    outer loop
      vertex -8.2 -4.7325 -12.5764
      vertex -7.2 -5.61409 -12.6691
      vertex -7.2 -4.7325 -12.5764
    endloop
  endfacet
  facet normal 0 -0.104574 0.994517
    outer loop
      vertex -7.2 -5.61409 -12.6691
      vertex -8.2 -4.7325 -12.5764
      vertex -8.2 -5.61409 -12.6691
    endloop
  endfacet
  facet normal 0 -0.669124 0.743151
    outer loop
      vertex -8.2 2.32216 -9.13562
      vertex -7.2 1.6634 -9.72876
      vertex -7.2 2.32216 -9.13562
    endloop
  endfacet
  facet normal 0 -0.669124 0.743151
    outer loop
      vertex -7.2 1.6634 -9.72876
      vertex -8.2 2.32216 -9.13562
      vertex -8.2 1.6634 -9.72876
    endloop
  endfacet
  facet normal 0 -0.559197 0.829035
    outer loop
      vertex -8.2 0.964872 -10.2745
      vertex -7.2 0.229974 -10.7702
      vertex -7.2 0.964872 -10.2745
    endloop
  endfacet
  facet normal 0 -0.559197 0.829035
    outer loop
      vertex -7.2 0.229974 -10.7702
      vertex -8.2 0.964872 -10.2745
      vertex -8.2 0.229974 -10.7702
    endloop
  endfacet
  facet normal 0 -0.961264 0.275628
    outer loop
      vertex -8.2 5.57842 -3.92452
      vertex -7.2 5.82275 -3.07241
      vertex -8.2 5.82275 -3.07241
    endloop
  endfacet
  facet normal 0 -0.961264 0.275628
    outer loop
      vertex -7.2 5.82275 -3.07241
      vertex -8.2 5.57842 -3.92452
      vertex -7.2 5.57842 -3.92452
    endloop
  endfacet
  facet normal 0 -0.990268 0.139174
    outer loop
      vertex -8.2 6.00706 -2.20533
      vertex -7.2 6.13043 -1.32751
      vertex -8.2 6.13043 -1.32751
    endloop
  endfacet
  facet normal 0 -0.990268 0.139174
    outer loop
      vertex -7.2 6.13043 -1.32751
      vertex -8.2 6.00706 -2.20533
      vertex -7.2 6.00706 -2.20533
    endloop
  endfacet
  facet normal 0 -0.997564 0.0697504
    outer loop
      vertex -8.2 6.13043 -1.32751
      vertex -7.2 6.19226 -0.443223
      vertex -8.2 6.19226 -0.443223
    endloop
  endfacet
  facet normal 0 -0.997564 0.0697504
    outer loop
      vertex -7.2 6.19226 -0.443223
      vertex -8.2 6.13043 -1.32751
      vertex -7.2 6.13043 -1.32751
    endloop
  endfacet
  facet normal 0 -0.848051 0.529915
    outer loop
      vertex -8.2 4.02878 -7.10175
      vertex -7.2 4.49852 -6.35
      vertex -8.2 4.49852 -6.35
    endloop
  endfacet
  facet normal 0 -0.848051 0.529915
    outer loop
      vertex -7.2 4.49852 -6.35
      vertex -8.2 4.02878 -7.10175
      vertex -7.2 4.02878 -7.10175
    endloop
  endfacet
  facet normal 0 -0.882949 0.469468
    outer loop
      vertex -8.2 4.49852 -6.35
      vertex -7.2 4.91468 -5.56731
      vertex -8.2 4.91468 -5.56731
    endloop
  endfacet
  facet normal 0 -0.882949 0.469468
    outer loop
      vertex -7.2 4.91468 -5.56731
      vertex -8.2 4.49852 -6.35
      vertex -7.2 4.49852 -6.35
    endloop
  endfacet
  facet normal 0 -0.49998 -0.866037
    outer loop
      vertex -8.2 -0.537712 11.2134
      vertex -7.2 0.229974 10.7702
      vertex -7.2 -0.537712 11.2134
    endloop
  endfacet
  facet normal -0 -0.49998 -0.866037
    outer loop
      vertex -7.2 0.229974 10.7702
      vertex -8.2 -0.537712 11.2134
      vertex -8.2 0.229974 10.7702
    endloop
  endfacet
  facet normal 0 -0.374637 -0.927172
    outer loop
      vertex -8.2 -2.15634 11.9341
      vertex -7.2 -1.33444 11.602
      vertex -7.2 -2.15634 11.9341
    endloop
  endfacet
  facet normal -0 -0.374637 -0.927172
    outer loop
      vertex -7.2 -1.33444 11.602
      vertex -8.2 -2.15634 11.9341
      vertex -8.2 -1.33444 11.602
    endloop
  endfacet
  facet normal 0 -0.104574 -0.994517
    outer loop
      vertex -8.2 -5.61409 12.6691
      vertex -7.2 -4.7325 12.5764
      vertex -7.2 -5.61409 12.6691
    endloop
  endfacet
  facet normal -0 -0.104574 -0.994517
    outer loop
      vertex -7.2 -4.7325 12.5764
      vertex -8.2 -5.61409 12.6691
      vertex -8.2 -4.7325 12.5764
    endloop
  endfacet
  facet normal 0 -0.766044 -0.642788
    outer loop
      vertex -8.2 3.50774 7.8189
      vertex -7.2 2.93794 8.49796
      vertex -8.2 2.93794 8.49796
    endloop
  endfacet
  facet normal 0 -0.766044 -0.642788
    outer loop
      vertex -7.2 2.93794 8.49796
      vertex -8.2 3.50774 7.8189
      vertex -7.2 3.50774 7.8189
    endloop
  endfacet
  facet normal 0 -0.913546 -0.406736
    outer loop
      vertex -8.2 5.27523 4.7575
      vertex -7.2 4.91468 5.56731
      vertex -8.2 4.91468 5.56731
    endloop
  endfacet
  facet normal 0 -0.913546 -0.406736
    outer loop
      vertex -7.2 4.91468 5.56731
      vertex -8.2 5.27523 4.7575
      vertex -7.2 5.27523 4.7575
    endloop
  endfacet
  facet normal 0 -0.997564 -0.0697504
    outer loop
      vertex -8.2 6.19226 0.443223
      vertex -7.2 6.13043 1.32751
      vertex -8.2 6.13043 1.32751
    endloop
  endfacet
  facet normal 0 -0.997564 -0.0697504
    outer loop
      vertex -7.2 6.13043 1.32751
      vertex -8.2 6.19226 0.443223
      vertex -7.2 6.19226 0.443223
    endloop
  endfacet
  facet normal -0 0.308976 0.95107
    outer loop
      vertex -8.2 -10.0006 -12.208
      vertex -7.2 -10.8437 -11.9341
      vertex -7.2 -10.0006 -12.208
    endloop
  endfacet
  facet normal 0 0.308976 0.95107
    outer loop
      vertex -7.2 -10.8437 -11.9341
      vertex -8.2 -10.0006 -12.208
      vertex -8.2 -10.8437 -11.9341
    endloop
  endfacet
  facet normal -0 0.104574 0.994517
    outer loop
      vertex -8.2 -7.38591 -12.6691
      vertex -7.2 -8.2675 -12.5764
      vertex -7.2 -7.38591 -12.6691
    endloop
  endfacet
  facet normal 0 0.104574 0.994517
    outer loop
      vertex -7.2 -8.2675 -12.5764
      vertex -8.2 -7.38591 -12.6691
      vertex -8.2 -8.2675 -12.5764
    endloop
  endfacet
  facet normal -0 0.669102 0.743171
    outer loop
      vertex -8.2 -14.6634 -9.72876
      vertex -7.2 -15.3222 -9.13562
      vertex -7.2 -14.6634 -9.72876
    endloop
  endfacet
  facet normal 0 0.669102 0.743171
    outer loop
      vertex -7.2 -15.3222 -9.13562
      vertex -8.2 -14.6634 -9.72876
      vertex -8.2 -15.3222 -9.13562
    endloop
  endfacet
  facet normal 0 0.61567 -0.788004
    outer loop
      vertex -8.2 -14.6634 9.72876
      vertex -7.2 -13.9649 10.2745
      vertex -7.2 -14.6634 9.72876
    endloop
  endfacet
  facet normal 0 0.61567 -0.788004
    outer loop
      vertex -7.2 -13.9649 10.2745
      vertex -8.2 -14.6634 9.72876
      vertex -8.2 -13.9649 10.2745
    endloop
  endfacet
  facet normal 0 0.438393 -0.898784
    outer loop
      vertex -8.2 -12.4623 11.2134
      vertex -7.2 -11.6656 11.602
      vertex -7.2 -12.4623 11.2134
    endloop
  endfacet
  facet normal 0 0.438393 -0.898784
    outer loop
      vertex -7.2 -11.6656 11.602
      vertex -8.2 -12.4623 11.2134
      vertex -8.2 -11.6656 11.602
    endloop
  endfacet
  facet normal 0 0.559196 -0.829036
    outer loop
      vertex -8.2 -13.9649 10.2745
      vertex -7.2 -13.23 10.7702
      vertex -7.2 -13.9649 10.2745
    endloop
  endfacet
  facet normal 0 0.559196 -0.829036
    outer loop
      vertex -7.2 -13.23 10.7702
      vertex -8.2 -13.9649 10.2745
      vertex -8.2 -13.23 10.7702
    endloop
  endfacet
  facet normal 0 0.308976 -0.95107
    outer loop
      vertex -8.2 -10.8437 11.9341
      vertex -7.2 -10.0006 12.208
      vertex -7.2 -10.8437 11.9341
    endloop
  endfacet
  facet normal 0 0.308976 -0.95107
    outer loop
      vertex -7.2 -10.0006 12.208
      vertex -8.2 -10.8437 11.9341
      vertex -8.2 -10.0006 12.208
    endloop
  endfacet
  facet normal 0 0.241973 -0.970283
    outer loop
      vertex -8.2 -10.0006 12.208
      vertex -7.2 -9.14048 12.4225
      vertex -7.2 -10.0006 12.208
    endloop
  endfacet
  facet normal 0 0.241973 -0.970283
    outer loop
      vertex -7.2 -9.14048 12.4225
      vertex -8.2 -10.0006 12.208
      vertex -8.2 -9.14048 12.4225
    endloop
  endfacet
  facet normal 1 0 0
    outer loop
      vertex -8.2 6.13043 1.32751
      vertex -8.2 6.19226 -0.443223
      vertex -8.2 6.19226 0.443223
    endloop
  endfacet
  facet normal 1 0 0
    outer loop
      vertex -8.2 6.13043 1.32751
      vertex -8.2 6.13043 -1.32751
      vertex -8.2 6.19226 -0.443223
    endloop
  endfacet
  facet normal 1 0 0
    outer loop
      vertex -8.2 6.00706 2.20533
      vertex -8.2 6.13043 -1.32751
      vertex -8.2 6.13043 1.32751
    endloop
  endfacet
  facet normal 1 0 0
    outer loop
      vertex -8.2 6.00706 2.20533
      vertex -8.2 6.00706 -2.20533
      vertex -8.2 6.13043 -1.32751
    endloop
  endfacet
  facet normal 1 0 0
    outer loop
      vertex -8.2 5.82275 3.07241
      vertex -8.2 6.00706 -2.20533
      vertex -8.2 6.00706 2.20533
    endloop
  endfacet
  facet normal 1 0 0
    outer loop
      vertex -8.2 5.82275 3.07241
      vertex -8.2 5.82275 -3.07241
      vertex -8.2 6.00706 -2.20533
    endloop
  endfacet
  facet normal 1 0 0
    outer loop
      vertex -8.2 5.57842 3.92452
      vertex -8.2 5.82275 -3.07241
      vertex -8.2 5.82275 3.07241
    endloop
  endfacet
  facet normal 1 0 0
    outer loop
      vertex -8.2 5.57842 3.92452
      vertex -8.2 5.57842 -3.92452
      vertex -8.2 5.82275 -3.07241
    endloop
  endfacet
  facet normal 1 0 0
    outer loop
      vertex -8.2 5.27523 4.7575
      vertex -8.2 5.57842 -3.92452
      vertex -8.2 5.57842 3.92452
    endloop
  endfacet
  facet normal 1 0 0
    outer loop
      vertex -8.2 5.27523 4.7575
      vertex -8.2 5.27523 -4.7575
      vertex -8.2 5.57842 -3.92452
    endloop
  endfacet
  facet normal 1 0 0
    outer loop
      vertex -8.2 4.91468 5.56731
      vertex -8.2 5.27523 -4.7575
      vertex -8.2 5.27523 4.7575
    endloop
  endfacet
  facet normal 1 0 0
    outer loop
      vertex -8.2 4.91468 5.56731
      vertex -8.2 4.91468 -5.56731
      vertex -8.2 5.27523 -4.7575
    endloop
  endfacet
  facet normal 1 0 0
    outer loop
      vertex -8.2 4.49852 6.35
      vertex -8.2 4.91468 -5.56731
      vertex -8.2 4.91468 5.56731
    endloop
  endfacet
  facet normal 1 0 0
    outer loop
      vertex -8.2 4.49852 6.35
      vertex -8.2 4.49852 -6.35
      vertex -8.2 4.91468 -5.56731
    endloop
  endfacet
  facet normal 1 0 0
    outer loop
      vertex -8.2 4.02878 7.10175
      vertex -8.2 4.49852 -6.35
      vertex -8.2 4.49852 6.35
    endloop
  endfacet
  facet normal 1 0 0
    outer loop
      vertex -8.2 4.02878 7.10175
      vertex -8.2 4.02878 -7.10175
      vertex -8.2 4.49852 -6.35
    endloop
  endfacet
  facet normal 1 0 0
    outer loop
      vertex -8.2 3.50774 7.8189
      vertex -8.2 4.02878 -7.10175
      vertex -8.2 4.02878 7.10175
    endloop
  endfacet
  facet normal 1 0 0
    outer loop
      vertex -8.2 3.50774 7.8189
      vertex -8.2 3.50774 -7.8189
      vertex -8.2 4.02878 -7.10175
    endloop
  endfacet
  facet normal 1 0 0
    outer loop
      vertex -8.2 2.93794 8.49796
      vertex -8.2 3.50774 -7.8189
      vertex -8.2 3.50774 7.8189
    endloop
  endfacet
  facet normal 1 0 0
    outer loop
      vertex -8.2 2.93794 8.49796
      vertex -8.2 2.93794 -8.49796
      vertex -8.2 3.50774 -7.8189
    endloop
  endfacet
  facet normal 1 0 0
    outer loop
      vertex -8.2 2.32216 9.13562
      vertex -8.2 2.93794 -8.49796
      vertex -8.2 2.93794 8.49796
    endloop
  endfacet
  facet normal 1 0 0
    outer loop
      vertex -8.2 2.32216 9.13562
      vertex -8.2 2.32216 -9.13562
      vertex -8.2 2.93794 -8.49796
    endloop
  endfacet
  facet normal 1 0 0
    outer loop
      vertex -8.2 1.6634 9.72876
      vertex -8.2 2.32216 -9.13562
      vertex -8.2 2.32216 9.13562
    endloop
  endfacet
  facet normal 1 0 0
    outer loop
      vertex -8.2 1.6634 9.72876
      vertex -8.2 1.6634 -9.72876
      vertex -8.2 2.32216 -9.13562
    endloop
  endfacet
  facet normal 1 0 0
    outer loop
      vertex -8.2 0.964872 10.2745
      vertex -8.2 1.6634 -9.72876
      vertex -8.2 1.6634 9.72876
    endloop
  endfacet
  facet normal 1 0 0
    outer loop
      vertex -8.2 0.964872 10.2745
      vertex -8.2 0.964872 -10.2745
      vertex -8.2 1.6634 -9.72876
    endloop
  endfacet
  facet normal 1 0 0
    outer loop
      vertex -8.2 0.229974 10.7702
      vertex -8.2 0.964872 -10.2745
      vertex -8.2 0.964872 10.2745
    endloop
  endfacet
  facet normal 1 0 0
    outer loop
      vertex -8.2 0.229974 10.7702
      vertex -8.2 0.229974 -10.7702
      vertex -8.2 0.964872 -10.2745
    endloop
  endfacet
  facet normal 1 0 0
    outer loop
      vertex -8.2 -0.537712 11.2134
      vertex -8.2 0.229974 -10.7702
      vertex -8.2 0.229974 10.7702
    endloop
  endfacet
  facet normal 1 0 0
    outer loop
      vertex -8.2 -0.537712 11.2134
      vertex -8.2 -0.537712 -11.2134
      vertex -8.2 0.229974 -10.7702
    endloop
  endfacet
  facet normal 1 0 0
    outer loop
      vertex -8.2 -1.33444 11.602
      vertex -8.2 -0.537712 -11.2134
      vertex -8.2 -0.537712 11.2134
    endloop
  endfacet
  facet normal 1 0 0
    outer loop
      vertex -8.2 -1.33444 11.602
      vertex -8.2 -1.33444 -11.602
      vertex -8.2 -0.537712 -11.2134
    endloop
  endfacet
  facet normal 1 0 0
    outer loop
      vertex -8.2 -2.15634 11.9341
      vertex -8.2 -1.33444 -11.602
      vertex -8.2 -1.33444 11.602
    endloop
  endfacet
  facet normal 1 0 0
    outer loop
      vertex -8.2 -2.15634 11.9341
      vertex -8.2 -2.15634 -11.9341
      vertex -8.2 -1.33444 -11.602
    endloop
  endfacet
  facet normal 1 0 0
    outer loop
      vertex -8.2 -2.99941 12.208
      vertex -8.2 -2.15634 -11.9341
      vertex -8.2 -2.15634 11.9341
    endloop
  endfacet
  facet normal 1 0 0
    outer loop
      vertex -8.2 -2.99941 12.208
      vertex -8.2 -2.99941 -12.208
      vertex -8.2 -2.15634 -11.9341
    endloop
  endfacet
  facet normal 1 0 0
    outer loop
      vertex -8.2 -3.85952 12.4225
      vertex -8.2 -2.99941 -12.208
      vertex -8.2 -2.99941 12.208
    endloop
  endfacet
  facet normal 1 0 0
    outer loop
      vertex -8.2 -3.85952 12.4225
      vertex -8.2 -3.85952 -12.4225
      vertex -8.2 -2.99941 -12.208
    endloop
  endfacet
  facet normal 1 0 0
    outer loop
      vertex -8.2 -4.7325 12.5764
      vertex -8.2 -3.85952 -12.4225
      vertex -8.2 -3.85952 12.4225
    endloop
  endfacet
  facet normal 1 0 0
    outer loop
      vertex -8.2 -4.7325 12.5764
      vertex -8.2 -4.7325 -12.5764
      vertex -8.2 -3.85952 -12.4225
    endloop
  endfacet
  facet normal 1 0 0
    outer loop
      vertex -8.2 -5.61409 12.6691
      vertex -8.2 -4.7325 -12.5764
      vertex -8.2 -4.7325 12.5764
    endloop
  endfacet
  facet normal 1 0 0
    outer loop
      vertex -8.2 -5.61409 12.6691
      vertex -8.2 -5.61409 -12.6691
      vertex -8.2 -4.7325 -12.5764
    endloop
  endfacet
  facet normal 1 0 0
    outer loop
      vertex -8.2 -6.5 12.7
      vertex -8.2 -5.61409 -12.6691
      vertex -8.2 -5.61409 12.6691
    endloop
  endfacet
  facet normal 1 0 0
    outer loop
      vertex -8.2 -6.5 12.7
      vertex -8.2 -6.5 -12.7
      vertex -8.2 -5.61409 -12.6691
    endloop
  endfacet
  facet normal 1 -0 0
    outer loop
      vertex -8.2 -7.38591 12.6691
      vertex -8.2 -6.5 -12.7
      vertex -8.2 -6.5 12.7
    endloop
  endfacet
  facet normal 1 0 0
    outer loop
      vertex -8.2 -7.38591 12.6691
      vertex -8.2 -7.38591 -12.6691
      vertex -8.2 -6.5 -12.7
    endloop
  endfacet
  facet normal 1 -0 0
    outer loop
      vertex -8.2 -8.2675 12.5764
      vertex -8.2 -7.38591 -12.6691
      vertex -8.2 -7.38591 12.6691
    endloop
  endfacet
  facet normal 1 0 0
    outer loop
      vertex -8.2 -8.2675 12.5764
      vertex -8.2 -8.2675 -12.5764
      vertex -8.2 -7.38591 -12.6691
    endloop
  endfacet
  facet normal 1 -0 0
    outer loop
      vertex -8.2 -9.14048 12.4225
      vertex -8.2 -8.2675 -12.5764
      vertex -8.2 -8.2675 12.5764
    endloop
  endfacet
  facet normal 1 0 0
    outer loop
      vertex -8.2 -9.14048 12.4225
      vertex -8.2 -9.14048 -12.4225
      vertex -8.2 -8.2675 -12.5764
    endloop
  endfacet
  facet normal 1 -0 0
    outer loop
      vertex -8.2 -10.0006 12.208
      vertex -8.2 -9.14048 -12.4225
      vertex -8.2 -9.14048 12.4225
    endloop
  endfacet
  facet normal 1 0 0
    outer loop
      vertex -8.2 -10.0006 12.208
      vertex -8.2 -10.0006 -12.208
      vertex -8.2 -9.14048 -12.4225
    endloop
  endfacet
  facet normal 1 -0 0
    outer loop
      vertex -8.2 -10.8437 11.9341
      vertex -8.2 -10.0006 -12.208
      vertex -8.2 -10.0006 12.208
    endloop
  endfacet
  facet normal 1 0 0
    outer loop
      vertex -8.2 -10.8437 11.9341
      vertex -8.2 -10.8437 -11.9341
      vertex -8.2 -10.0006 -12.208
    endloop
  endfacet
  facet normal 1 -0 0
    outer loop
      vertex -8.2 -11.6656 11.602
      vertex -8.2 -10.8437 -11.9341
      vertex -8.2 -10.8437 11.9341
    endloop
  endfacet
  facet normal 1 0 0
    outer loop
      vertex -8.2 -11.6656 11.602
      vertex -8.2 -11.6656 -11.602
      vertex -8.2 -10.8437 -11.9341
    endloop
  endfacet
  facet normal 1 -0 0
    outer loop
      vertex -8.2 -12.4623 11.2134
      vertex -8.2 -11.6656 -11.602
      vertex -8.2 -11.6656 11.602
    endloop
  endfacet
  facet normal 1 0 0
    outer loop
      vertex -8.2 -12.4623 11.2134
      vertex -8.2 -12.4623 -11.2134
      vertex -8.2 -11.6656 -11.602
    endloop
  endfacet
  facet normal 1 -0 0
    outer loop
      vertex -8.2 -13.23 10.7702
      vertex -8.2 -12.4623 -11.2134
      vertex -8.2 -12.4623 11.2134
    endloop
  endfacet
  facet normal 1 0 0
    outer loop
      vertex -8.2 -13.23 10.7702
      vertex -8.2 -13.23 -10.7702
      vertex -8.2 -12.4623 -11.2134
    endloop
  endfacet
  facet normal 1 -0 0
    outer loop
      vertex -8.2 -13.9649 10.2745
      vertex -8.2 -13.23 -10.7702
      vertex -8.2 -13.23 10.7702
    endloop
  endfacet
  facet normal 1 0 0
    outer loop
      vertex -8.2 -13.9649 10.2745
      vertex -8.2 -13.9649 -10.2745
      vertex -8.2 -13.23 -10.7702
    endloop
  endfacet
  facet normal 1 -0 0
    outer loop
      vertex -8.2 -14.6634 9.72876
      vertex -8.2 -13.9649 -10.2745
      vertex -8.2 -13.9649 10.2745
    endloop
  endfacet
  facet normal 1 0 0
    outer loop
      vertex -8.2 -14.6634 9.72876
      vertex -8.2 -14.6634 -9.72876
      vertex -8.2 -13.9649 -10.2745
    endloop
  endfacet
  facet normal 1 -0 0
    outer loop
      vertex -8.2 -15.3222 9.13562
      vertex -8.2 -14.6634 -9.72876
      vertex -8.2 -14.6634 9.72876
    endloop
  endfacet
  facet normal 1 0 0
    outer loop
      vertex -8.2 -15.3222 9.13562
      vertex -8.2 -15.3222 -9.13562
      vertex -8.2 -14.6634 -9.72876
    endloop
  endfacet
  facet normal 1 -0 0
    outer loop
      vertex -8.2 -15.9379 8.49796
      vertex -8.2 -15.3222 -9.13562
      vertex -8.2 -15.3222 9.13562
    endloop
  endfacet
  facet normal 1 0 0
    outer loop
      vertex -8.2 -15.9379 8.49796
      vertex -8.2 -15.9379 -8.49796
      vertex -8.2 -15.3222 -9.13562
    endloop
  endfacet
  facet normal 1 -0 0
    outer loop
      vertex -8.2 -16.5077 7.8189
      vertex -8.2 -15.9379 -8.49796
      vertex -8.2 -15.9379 8.49796
    endloop
  endfacet
  facet normal 1 0 0
    outer loop
      vertex -8.2 -16.5077 7.8189
      vertex -8.2 -16.5077 -7.8189
      vertex -8.2 -15.9379 -8.49796
    endloop
  endfacet
  facet normal 1 -0 0
    outer loop
      vertex -8.2 -17.0288 7.10175
      vertex -8.2 -16.5077 -7.8189
      vertex -8.2 -16.5077 7.8189
    endloop
  endfacet
  facet normal 1 0 0
    outer loop
      vertex -8.2 -17.0288 7.10175
      vertex -8.2 -17.0288 -7.10175
      vertex -8.2 -16.5077 -7.8189
    endloop
  endfacet
  facet normal 1 -0 0
    outer loop
      vertex -8.2 -17.4985 6.35
      vertex -8.2 -17.0288 -7.10175
      vertex -8.2 -17.0288 7.10175
    endloop
  endfacet
  facet normal 1 0 0
    outer loop
      vertex -8.2 -17.4985 6.35
      vertex -8.2 -17.4985 -6.35
      vertex -8.2 -17.0288 -7.10175
    endloop
  endfacet
  facet normal 1 -0 0
    outer loop
      vertex -8.2 -17.9147 5.56731
      vertex -8.2 -17.4985 -6.35
      vertex -8.2 -17.4985 6.35
    endloop
  endfacet
  facet normal 1 0 0
    outer loop
      vertex -8.2 -17.9147 5.56731
      vertex -8.2 -17.9147 -5.56731
      vertex -8.2 -17.4985 -6.35
    endloop
  endfacet
  facet normal 1 -0 0
    outer loop
      vertex -8.2 -18.2752 4.7575
      vertex -8.2 -17.9147 -5.56731
      vertex -8.2 -17.9147 5.56731
    endloop
  endfacet
  facet normal 1 0 0
    outer loop
      vertex -8.2 -18.2752 4.7575
      vertex -8.2 -18.2752 -4.7575
      vertex -8.2 -17.9147 -5.56731
    endloop
  endfacet
  facet normal 1 -0 0
    outer loop
      vertex -8.2 -18.5784 3.92452
      vertex -8.2 -18.2752 -4.7575
      vertex -8.2 -18.2752 4.7575
    endloop
  endfacet
  facet normal 1 0 0
    outer loop
      vertex -8.2 -18.5784 3.92452
      vertex -8.2 -18.5784 -3.92452
      vertex -8.2 -18.2752 -4.7575
    endloop
  endfacet
  facet normal 1 -0 0
    outer loop
      vertex -8.2 -18.8228 3.07241
      vertex -8.2 -18.5784 -3.92452
      vertex -8.2 -18.5784 3.92452
    endloop
  endfacet
  facet normal 1 0 0
    outer loop
      vertex -8.2 -18.8228 3.07241
      vertex -8.2 -18.8228 -3.07241
      vertex -8.2 -18.5784 -3.92452
    endloop
  endfacet
  facet normal 1 -0 0
    outer loop
      vertex -8.2 -19.0071 2.20533
      vertex -8.2 -18.8228 -3.07241
      vertex -8.2 -18.8228 3.07241
    endloop
  endfacet
  facet normal 1 0 0
    outer loop
      vertex -8.2 -19.0071 2.20533
      vertex -8.2 -19.0071 -2.20533
      vertex -8.2 -18.8228 -3.07241
    endloop
  endfacet
  facet normal 1 -0 0
    outer loop
      vertex -8.2 -19.1304 1.32751
      vertex -8.2 -19.0071 -2.20533
      vertex -8.2 -19.0071 2.20533
    endloop
  endfacet
  facet normal 1 0 0
    outer loop
      vertex -8.2 -19.1304 1.32751
      vertex -8.2 -19.1304 -1.32751
      vertex -8.2 -19.0071 -2.20533
    endloop
  endfacet
  facet normal 1 -0 0
    outer loop
      vertex -8.2 -19.1923 0.443223
      vertex -8.2 -19.1304 -1.32751
      vertex -8.2 -19.1304 1.32751
    endloop
  endfacet
  facet normal 1 0 0
    outer loop
      vertex -8.2 -19.1304 -1.32751
      vertex -8.2 -19.1923 0.443223
      vertex -8.2 -19.1923 -0.443223
    endloop
  endfacet
  facet normal 0 0.997559 0.069829
    outer loop
      vertex -7.2 -19.1304 -1.32751
      vertex -8.2 -19.1923 -0.443223
      vertex -7.2 -19.1923 -0.443223
    endloop
  endfacet
  facet normal 0 0.997559 0.069829
    outer loop
      vertex -8.2 -19.1923 -0.443223
      vertex -7.2 -19.1304 -1.32751
      vertex -8.2 -19.1304 -1.32751
    endloop
  endfacet
  facet normal 0 0.939685 0.34204
    outer loop
      vertex -7.2 -18.2752 -4.7575
      vertex -8.2 -18.5784 -3.92452
      vertex -7.2 -18.5784 -3.92452
    endloop
  endfacet
  facet normal 0 0.939685 0.34204
    outer loop
      vertex -8.2 -18.5784 -3.92452
      vertex -7.2 -18.2752 -4.7575
      vertex -8.2 -18.2752 -4.7575
    endloop
  endfacet
  facet normal 0 -0.615655 0.788016
    outer loop
      vertex -8.2 1.6634 -9.72876
      vertex -7.2 0.964872 -10.2745
      vertex -7.2 1.6634 -9.72876
    endloop
  endfacet
  facet normal 0 -0.615655 0.788016
    outer loop
      vertex -7.2 0.964872 -10.2745
      vertex -8.2 1.6634 -9.72876
      vertex -8.2 0.964872 -10.2745
    endloop
  endfacet
  facet normal 0 -0.939689 -0.34203
    outer loop
      vertex -8.2 5.57842 3.92452
      vertex -7.2 5.27523 4.7575
      vertex -8.2 5.27523 4.7575
    endloop
  endfacet
  facet normal 0 -0.939689 -0.34203
    outer loop
      vertex -7.2 5.27523 4.7575
      vertex -8.2 5.57842 3.92452
      vertex -7.2 5.57842 3.92452
    endloop
  endfacet
  facet normal -0 0.499973 0.866041
    outer loop
      vertex -8.2 -12.4623 -11.2134
      vertex -7.2 -13.23 -10.7702
      vertex -7.2 -12.4623 -11.2134
    endloop
  endfacet
  facet normal 0 0.499973 0.866041
    outer loop
      vertex -7.2 -13.23 -10.7702
      vertex -8.2 -12.4623 -11.2134
      vertex -8.2 -13.23 -10.7702
    endloop
  endfacet
  facet normal -0 0.374637 0.927172
    outer loop
      vertex -8.2 -10.8437 -11.9341
      vertex -7.2 -11.6656 -11.602
      vertex -7.2 -10.8437 -11.9341
    endloop
  endfacet
  facet normal 0 0.374637 0.927172
    outer loop
      vertex -7.2 -11.6656 -11.602
      vertex -8.2 -10.8437 -11.9341
      vertex -8.2 -11.6656 -11.602
    endloop
  endfacet
  facet normal -0 0.241973 0.970283
    outer loop
      vertex -8.2 -9.14048 -12.4225
      vertex -7.2 -10.0006 -12.208
      vertex -7.2 -9.14048 -12.4225
    endloop
  endfacet
  facet normal 0 0.241973 0.970283
    outer loop
      vertex -7.2 -10.0006 -12.208
      vertex -8.2 -9.14048 -12.4225
      vertex -8.2 -10.0006 -12.208
    endloop
  endfacet
  facet normal -0 0.173615 0.984814
    outer loop
      vertex -8.2 -8.2675 -12.5764
      vertex -7.2 -9.14048 -12.4225
      vertex -7.2 -8.2675 -12.5764
    endloop
  endfacet
  facet normal 0 0.173615 0.984814
    outer loop
      vertex -7.2 -9.14048 -12.4225
      vertex -8.2 -8.2675 -12.5764
      vertex -8.2 -9.14048 -12.4225
    endloop
  endfacet
  facet normal -0 0.0348582 0.999392
    outer loop
      vertex -8.2 -6.5 -12.7
      vertex -7.2 -7.38591 -12.6691
      vertex -7.2 -6.5 -12.7
    endloop
  endfacet
  facet normal 0 0.0348582 0.999392
    outer loop
      vertex -7.2 -7.38591 -12.6691
      vertex -8.2 -6.5 -12.7
      vertex -8.2 -7.38591 -12.6691
    endloop
  endfacet
  facet normal 0 0.882931 0.469504
    outer loop
      vertex -7.2 -17.4985 -6.35
      vertex -8.2 -17.9147 -5.56731
      vertex -7.2 -17.9147 -5.56731
    endloop
  endfacet
  facet normal 0 0.882931 0.469504
    outer loop
      vertex -8.2 -17.9147 -5.56731
      vertex -7.2 -17.4985 -6.35
      vertex -8.2 -17.4985 -6.35
    endloop
  endfacet
  facet normal 0 0.669102 -0.743171
    outer loop
      vertex -8.2 -15.3222 9.13562
      vertex -7.2 -14.6634 9.72876
      vertex -7.2 -15.3222 9.13562
    endloop
  endfacet
  facet normal 0 0.669102 -0.743171
    outer loop
      vertex -7.2 -14.6634 9.72876
      vertex -8.2 -15.3222 9.13562
      vertex -8.2 -14.6634 9.72876
    endloop
  endfacet
  facet normal 0 0.499973 -0.866041
    outer loop
      vertex -8.2 -13.23 10.7702
      vertex -7.2 -12.4623 11.2134
      vertex -7.2 -13.23 10.7702
    endloop
  endfacet
  facet normal 0 0.499973 -0.866041
    outer loop
      vertex -7.2 -12.4623 11.2134
      vertex -8.2 -13.23 10.7702
      vertex -8.2 -12.4623 11.2134
    endloop
  endfacet
  facet normal 0 0.173615 -0.984814
    outer loop
      vertex -8.2 -9.14048 12.4225
      vertex -7.2 -8.2675 12.5764
      vertex -7.2 -9.14048 12.4225
    endloop
  endfacet
  facet normal 0 0.173615 -0.984814
    outer loop
      vertex -7.2 -8.2675 12.5764
      vertex -8.2 -9.14048 12.4225
      vertex -8.2 -8.2675 12.5764
    endloop
  endfacet
  facet normal 0 0.990279 0.139096
    outer loop
      vertex -7.2 -19.0071 -2.20533
      vertex -8.2 -19.1304 -1.32751
      vertex -7.2 -19.1304 -1.32751
    endloop
  endfacet
  facet normal 0 0.990279 0.139096
    outer loop
      vertex -8.2 -19.1304 -1.32751
      vertex -7.2 -19.0071 -2.20533
      vertex -8.2 -19.0071 -2.20533
    endloop
  endfacet
  facet normal -0 0.438393 0.898784
    outer loop
      vertex -8.2 -11.6656 -11.602
      vertex -7.2 -12.4623 -11.2134
      vertex -7.2 -11.6656 -11.602
    endloop
  endfacet
  facet normal 0 0.438393 0.898784
    outer loop
      vertex -7.2 -12.4623 -11.2134
      vertex -8.2 -11.6656 -11.602
      vertex -8.2 -12.4623 -11.2134
    endloop
  endfacet
  facet normal -0 0.559196 0.829036
    outer loop
      vertex -8.2 -13.23 -10.7702
      vertex -7.2 -13.9649 -10.2745
      vertex -7.2 -13.23 -10.7702
    endloop
  endfacet
  facet normal 0 0.559196 0.829036
    outer loop
      vertex -7.2 -13.9649 -10.2745
      vertex -8.2 -13.23 -10.7702
      vertex -8.2 -13.9649 -10.2745
    endloop
  endfacet
  facet normal -0 0.61567 0.788004
    outer loop
      vertex -8.2 -13.9649 -10.2745
      vertex -7.2 -14.6634 -9.72876
      vertex -7.2 -13.9649 -10.2745
    endloop
  endfacet
  facet normal 0 0.61567 0.788004
    outer loop
      vertex -7.2 -14.6634 -9.72876
      vertex -8.2 -13.9649 -10.2745
      vertex -8.2 -14.6634 -9.72876
    endloop
  endfacet
  facet normal 0 0.766044 0.642788
    outer loop
      vertex -7.2 -15.9379 -8.49796
      vertex -8.2 -16.5077 -7.8189
      vertex -7.2 -16.5077 -7.8189
    endloop
  endfacet
  facet normal 0 0.766044 0.642788
    outer loop
      vertex -8.2 -16.5077 -7.8189
      vertex -7.2 -15.9379 -8.49796
      vertex -8.2 -15.9379 -8.49796
    endloop
  endfacet
  facet normal 0 0.808985 0.58783
    outer loop
      vertex -7.2 -16.5077 -7.8189
      vertex -8.2 -17.0288 -7.10175
      vertex -7.2 -17.0288 -7.10175
    endloop
  endfacet
  facet normal 0 0.808985 0.58783
    outer loop
      vertex -8.2 -17.0288 -7.10175
      vertex -7.2 -16.5077 -7.8189
      vertex -8.2 -16.5077 -7.8189
    endloop
  endfacet
  facet normal 0 0.997559 -0.069829
    outer loop
      vertex -7.2 -19.1923 0.443223
      vertex -8.2 -19.1304 1.32751
      vertex -7.2 -19.1304 1.32751
    endloop
  endfacet
  facet normal 0 0.997559 -0.069829
    outer loop
      vertex -8.2 -19.1304 1.32751
      vertex -7.2 -19.1923 0.443223
      vertex -8.2 -19.1923 0.443223
    endloop
  endfacet
  facet normal 0 0.848071 -0.529882
    outer loop
      vertex -7.2 -17.4985 6.35
      vertex -8.2 -17.0288 7.10175
      vertex -7.2 -17.0288 7.10175
    endloop
  endfacet
  facet normal 0 0.848071 -0.529882
    outer loop
      vertex -8.2 -17.0288 7.10175
      vertex -7.2 -17.4985 6.35
      vertex -8.2 -17.4985 6.35
    endloop
  endfacet
  facet normal 0 0.939685 -0.34204
    outer loop
      vertex -7.2 -18.5784 3.92452
      vertex -8.2 -18.2752 4.7575
      vertex -7.2 -18.2752 4.7575
    endloop
  endfacet
  facet normal 0 0.939685 -0.34204
    outer loop
      vertex -8.2 -18.2752 4.7575
      vertex -7.2 -18.5784 3.92452
      vertex -8.2 -18.5784 3.92452
    endloop
  endfacet
  facet normal 0 0.990279 -0.139096
    outer loop
      vertex -7.2 -19.1304 1.32751
      vertex -8.2 -19.0071 2.20533
      vertex -7.2 -19.0071 2.20533
    endloop
  endfacet
  facet normal 0 0.990279 -0.139096
    outer loop
      vertex -8.2 -19.0071 2.20533
      vertex -7.2 -19.1304 1.32751
      vertex -8.2 -19.1304 1.32751
    endloop
  endfacet
  facet normal 0 0.374637 -0.927172
    outer loop
      vertex -8.2 -11.6656 11.602
      vertex -7.2 -10.8437 11.9341
      vertex -7.2 -11.6656 11.602
    endloop
  endfacet
  facet normal 0 0.374637 -0.927172
    outer loop
      vertex -7.2 -10.8437 11.9341
      vertex -8.2 -11.6656 11.602
      vertex -8.2 -10.8437 11.9341
    endloop
  endfacet
  facet normal 0 0.104574 -0.994517
    outer loop
      vertex -8.2 -8.2675 12.5764
      vertex -7.2 -7.38591 12.6691
      vertex -7.2 -8.2675 12.5764
    endloop
  endfacet
  facet normal 0 0.104574 -0.994517
    outer loop
      vertex -7.2 -7.38591 12.6691
      vertex -8.2 -8.2675 12.5764
      vertex -8.2 -7.38591 12.6691
    endloop
  endfacet
  facet normal 0 0.0348582 -0.999392
    outer loop
      vertex -8.2 -7.38591 12.6691
      vertex -7.2 -6.5 12.7
      vertex -7.2 -7.38591 12.6691
    endloop
  endfacet
  facet normal 0 0.0348582 -0.999392
    outer loop
      vertex -7.2 -6.5 12.7
      vertex -8.2 -7.38591 12.6691
      vertex -8.2 -6.5 12.7
    endloop
  endfacet
  facet normal 0 0.961243 0.275701
    outer loop
      vertex -7.2 -18.5784 -3.92452
      vertex -8.2 -18.8228 -3.07241
      vertex -7.2 -18.8228 -3.07241
    endloop
  endfacet
  facet normal 0 0.961243 0.275701
    outer loop
      vertex -8.2 -18.8228 -3.07241
      vertex -7.2 -18.5784 -3.92452
      vertex -8.2 -18.5784 -3.92452
    endloop
  endfacet
  facet normal 0 0.978148 0.207908
    outer loop
      vertex -7.2 -18.8228 -3.07241
      vertex -8.2 -19.0071 -2.20533
      vertex -7.2 -19.0071 -2.20533
    endloop
  endfacet
  facet normal 0 0.978148 0.207908
    outer loop
      vertex -8.2 -19.0071 -2.20533
      vertex -7.2 -18.8228 -3.07241
      vertex -8.2 -18.8228 -3.07241
    endloop
  endfacet
  facet normal 0 0.848071 0.529882
    outer loop
      vertex -7.2 -17.0288 -7.10175
      vertex -8.2 -17.4985 -6.35
      vertex -7.2 -17.4985 -6.35
    endloop
  endfacet
  facet normal 0 0.848071 0.529882
    outer loop
      vertex -8.2 -17.4985 -6.35
      vertex -7.2 -17.0288 -7.10175
      vertex -8.2 -17.0288 -7.10175
    endloop
  endfacet
  facet normal 0 0.719386 -0.694611
    outer loop
      vertex -7.2 -15.9379 8.49796
      vertex -8.2 -15.3222 9.13562
      vertex -7.2 -15.3222 9.13562
    endloop
  endfacet
  facet normal 0 0.719386 -0.694611
    outer loop
      vertex -8.2 -15.3222 9.13562
      vertex -7.2 -15.9379 8.49796
      vertex -8.2 -15.9379 8.49796
    endloop
  endfacet
  facet normal 0 0.808985 -0.58783
    outer loop
      vertex -7.2 -17.0288 7.10175
      vertex -8.2 -16.5077 7.8189
      vertex -7.2 -16.5077 7.8189
    endloop
  endfacet
  facet normal 0 0.808985 -0.58783
    outer loop
      vertex -8.2 -16.5077 7.8189
      vertex -7.2 -17.0288 7.10175
      vertex -8.2 -17.0288 7.10175
    endloop
  endfacet
  facet normal 0 0.961243 -0.275701
    outer loop
      vertex -7.2 -18.8228 3.07241
      vertex -8.2 -18.5784 3.92452
      vertex -7.2 -18.5784 3.92452
    endloop
  endfacet
  facet normal 0 0.961243 -0.275701
    outer loop
      vertex -8.2 -18.5784 3.92452
      vertex -7.2 -18.8228 3.07241
      vertex -8.2 -18.8228 3.07241
    endloop
  endfacet
  facet normal 0 0.882931 -0.469504
    outer loop
      vertex -7.2 -17.9147 5.56731
      vertex -8.2 -17.4985 6.35
      vertex -7.2 -17.4985 6.35
    endloop
  endfacet
  facet normal 0 0.882931 -0.469504
    outer loop
      vertex -8.2 -17.4985 6.35
      vertex -7.2 -17.9147 5.56731
      vertex -8.2 -17.9147 5.56731
    endloop
  endfacet
  facet normal 0 0.913567 -0.406689
    outer loop
      vertex -7.2 -18.2752 4.7575
      vertex -8.2 -17.9147 5.56731
      vertex -7.2 -17.9147 5.56731
    endloop
  endfacet
  facet normal 0 0.913567 -0.406689
    outer loop
      vertex -8.2 -17.9147 5.56731
      vertex -7.2 -18.2752 4.7575
      vertex -8.2 -18.2752 4.7575
    endloop
  endfacet
  facet normal 0 0.766044 -0.642788
    outer loop
      vertex -7.2 -16.5077 7.8189
      vertex -8.2 -15.9379 8.49796
      vertex -7.2 -15.9379 8.49796
    endloop
  endfacet
  facet normal 0 0.766044 -0.642788
    outer loop
      vertex -8.2 -15.9379 8.49796
      vertex -7.2 -16.5077 7.8189
      vertex -8.2 -16.5077 7.8189
    endloop
  endfacet
  facet normal 0 0.978148 -0.207908
    outer loop
      vertex -7.2 -19.0071 2.20533
      vertex -8.2 -18.8228 3.07241
      vertex -7.2 -18.8228 3.07241
    endloop
  endfacet
  facet normal 0 0.978148 -0.207908
    outer loop
      vertex -8.2 -18.8228 3.07241
      vertex -7.2 -19.0071 2.20533
      vertex -8.2 -19.0071 2.20533
    endloop
  endfacet
endsolid OpenSCAD_Model
